gsm	title	source	characteristics	char::gender	char::groups	char::previous. brafi	char::prior.ctla4i	char::stage	char::tissue	char::treatment	char::type.of.primary
GSM7833076	Pat5	melanoma	tissue=melanoma; treatment=anti-CTLA4 resistant; gender=M; stage=M1a; type.of.primary=skin; previous. brafi=no_; prior.ctla4i=TRUE; groups=anti-CTLA4 resistant	M	anti-CTLA4 resistant	no_	TRUE	M1a	melanoma	anti-CTLA4 resistant	skin
GSM7833077	Pat6	melanoma	tissue=melanoma; treatment=anti-CTLA4 resistant; gender=F; stage=M1c; type.of.primary=unknown; previous. brafi=no_; prior.ctla4i=TRUE; groups=anti-CTLA4 resistant	F	anti-CTLA4 resistant	no_	TRUE	M1c	melanoma	anti-CTLA4 resistant	unknown
GSM7833078	Pat8	melanoma	tissue=melanoma; treatment=anti-CTLA4 resistant; gender=M; stage=M1c; type.of.primary=skin; previous. brafi=no_; prior.ctla4i=TRUE; groups=anti-CTLA4 resistant	M	anti-CTLA4 resistant	no_	TRUE	M1c	melanoma	anti-CTLA4 resistant	skin
GSM7833079	Pat9	melanoma	tissue=melanoma; treatment=anti-CTLA4 resistant; gender=M; stage=M1c; type.of.primary=skin; previous. brafi=no_; prior.ctla4i=TRUE; groups=anti-CTLA4 resistant	M	anti-CTLA4 resistant	no_	TRUE	M1c	melanoma	anti-CTLA4 resistant	skin
GSM7833080	Pat11	melanoma	tissue=melanoma; treatment=anti-CTLA4 resistant; gender=F; stage=M1c; type.of.primary=skin; previous. brafi=no_; prior.ctla4i=TRUE; groups=anti-CTLA4 resistant	F	anti-CTLA4 resistant	no_	TRUE	M1c	melanoma	anti-CTLA4 resistant	skin
GSM7833081	Pat13	melanoma	tissue=melanoma; treatment=anti-CTLA4 resistant; gender=M; stage=M1b; type.of.primary=skin; previous. brafi=no_; prior.ctla4i=TRUE; groups=anti-CTLA4 resistant	M	anti-CTLA4 resistant	no_	TRUE	M1b	melanoma	anti-CTLA4 resistant	skin
GSM7833082	Pat14	melanoma	tissue=melanoma; treatment=anti-CTLA4 resistant; gender=M; stage=M1c; type.of.primary=skin; previous. brafi=no_; prior.ctla4i=TRUE; groups=anti-CTLA4 resistant	M	anti-CTLA4 resistant	no_	TRUE	M1c	melanoma	anti-CTLA4 resistant	skin
GSM7833083	Pat15	melanoma	tissue=melanoma; treatment=anti-CTLA4 resistant; gender=F; stage=M1c; type.of.primary=skin; previous. brafi=no_; prior.ctla4i=TRUE; groups=anti-CTLA4 resistant	F	anti-CTLA4 resistant	no_	TRUE	M1c	melanoma	anti-CTLA4 resistant	skin
GSM7833084	Pat16	melanoma	tissue=melanoma; treatment=anti-CTLA4 resistant; gender=F; stage=M1c; type.of.primary=skin; previous. brafi=yes_Before; prior.ctla4i=TRUE; groups=anti-CTLA4 resistant	F	anti-CTLA4 resistant	yes_Before	TRUE	M1c	melanoma	anti-CTLA4 resistant	skin
GSM7833085	Pat17	melanoma	tissue=melanoma; treatment=anti-CTLA4 resistant; gender=M; stage=M1c; type.of.primary=mucosa; previous. brafi=no_; prior.ctla4i=TRUE; groups=mucosal	M	mucosal	no_	TRUE	M1c	melanoma	anti-CTLA4 resistant	mucosa
GSM7833086	Pat18	melanoma	tissue=melanoma; treatment=anti-CTLA4 resistant; gender=F; stage=M1c; type.of.primary=mucosa; previous. brafi=no_; prior.ctla4i=TRUE; groups=mucosal	F	mucosal	no_	TRUE	M1c	melanoma	anti-CTLA4 resistant	mucosa
GSM7833087	Pat19	melanoma	tissue=melanoma; treatment=anti-CTLA4 resistant; gender=F; stage=M1c; type.of.primary=skin; previous. brafi=no_; prior.ctla4i=TRUE; groups=anti-CTLA4 resistant	F	anti-CTLA4 resistant	no_	TRUE	M1c	melanoma	anti-CTLA4 resistant	skin
GSM7833088	Pat20	melanoma	tissue=melanoma; treatment=anti-CTLA4 resistant; gender=F; stage=M1c; type.of.primary=skin; previous. brafi=yes_Before; prior.ctla4i=TRUE; groups=anti-CTLA4 resistant	F	anti-CTLA4 resistant	yes_Before	TRUE	M1c	melanoma	anti-CTLA4 resistant	skin
GSM7833089	Pat21	melanoma	tissue=melanoma; treatment=anti-CTLA4 resistant; gender=F; stage=M1c; type.of.primary=skin; previous. brafi=no_; prior.ctla4i=TRUE; groups=anti-CTLA4 resistant	F	anti-CTLA4 resistant	no_	TRUE	M1c	melanoma	anti-CTLA4 resistant	skin
GSM7833090	Pat22	melanoma	tissue=melanoma; treatment=anti-CTLA4 resistant; gender=M; stage=M1c; type.of.primary=skin; previous. brafi=no_; prior.ctla4i=TRUE; groups=anti-CTLA4 resistant	M	anti-CTLA4 resistant	no_	TRUE	M1c	melanoma	anti-CTLA4 resistant	skin
GSM7833091	Pat23	melanoma	tissue=melanoma; treatment=anti-CTLA4 resistant; gender=F; stage=M1c; type.of.primary=skin; previous. brafi=no_; prior.ctla4i=TRUE; groups=anti-CTLA4 resistant	F	anti-CTLA4 resistant	no_	TRUE	M1c	melanoma	anti-CTLA4 resistant	skin
GSM7833092	Pat25	melanoma	tissue=melanoma; treatment=anti-CTLA4 resistant; gender=M; stage=M1c; type.of.primary=unknown; previous. brafi=yes_Before; prior.ctla4i=TRUE; groups=anti-CTLA4 resistant	M	anti-CTLA4 resistant	yes_Before	TRUE	M1c	melanoma	anti-CTLA4 resistant	unknown
GSM7833093	Pat26	melanoma	tissue=melanoma; treatment=anti-CTLA4 resistant; gender=F; stage=M1c; type.of.primary=skin; previous. brafi=no_; prior.ctla4i=TRUE; groups=anti-CTLA4 resistant	F	anti-CTLA4 resistant	no_	TRUE	M1c	melanoma	anti-CTLA4 resistant	skin
GSM7833094	Pat27	melanoma	tissue=melanoma; treatment=anti-CTLA4 resistant; gender=F; stage=M1c; type.of.primary=unknown; previous. brafi=no_; prior.ctla4i=TRUE; groups=anti-CTLA4 resistant	F	anti-CTLA4 resistant	no_	TRUE	M1c	melanoma	anti-CTLA4 resistant	unknown
GSM7833095	Pat28	melanoma	tissue=melanoma; treatment=anti-PD1 resistant; gender=F; stage=M1c; type.of.primary=skin; previous. brafi=no_During, day 7; prior.ctla4i=FALSE; groups=anti-PD1 resistant, BRAFi day7	F	anti-PD1 resistant, BRAFi day7	no_During, day 7	FALSE	M1c	melanoma	anti-PD1 resistant	skin
GSM7833096	Pat29	melanoma	tissue=melanoma; treatment=anti-PD1 resistant; gender=M; stage=M1c; type.of.primary=skin; previous. brafi=no_During, day 7; prior.ctla4i=TRUE; groups=anti-PD1 resistant, BRAFi day7	M	anti-PD1 resistant, BRAFi day7	no_During, day 7	TRUE	M1c	melanoma	anti-PD1 resistant	skin
GSM7833097	Pat30	melanoma	tissue=melanoma; treatment=anti-PD1 resistant; gender=M; stage=M1c; type.of.primary=unknown; previous. brafi=no_During, day 7; prior.ctla4i=TRUE; groups=anti-PD1 resistant, BRAFi day7	M	anti-PD1 resistant, BRAFi day7	no_During, day 7	TRUE	M1c	melanoma	anti-PD1 resistant	unknown
GSM7833098	Pat31	melanoma	tissue=melanoma; treatment=anti-CTLA4 resistant; gender=M; stage=M1c; type.of.primary=skin; previous. brafi=no_During, day 7; prior.ctla4i=TRUE; groups=NA	M	NA	no_During, day 7	TRUE	M1c	melanoma	anti-CTLA4 resistant	skin
GSM7833099	Pat32	melanoma	tissue=melanoma; treatment=anti-PD1 resistant; gender=M; stage=M1c; type.of.primary=skin; previous. brafi=no_; prior.ctla4i=TRUE; groups=anti-PD1 resistant	M	anti-PD1 resistant	no_	TRUE	M1c	melanoma	anti-PD1 resistant	skin
GSM7833100	Pat33	melanoma	tissue=melanoma; treatment=anti-PD1 resistant; gender=F; stage=M1c; type.of.primary=unknown; previous. brafi=no_; prior.ctla4i=TRUE; groups=anti-PD1 resistant	F	anti-PD1 resistant	no_	TRUE	M1c	melanoma	anti-PD1 resistant	unknown
GSM7833101	Pat34	melanoma	tissue=melanoma; treatment=anti-PD1 resistant; gender=M; stage=M1c; type.of.primary=skin; previous. brafi=yes_Before; prior.ctla4i=TRUE; groups=anti-PD1 resistant	M	anti-PD1 resistant	yes_Before	TRUE	M1c	melanoma	anti-PD1 resistant	skin
GSM7833102	Pat35	melanoma	tissue=melanoma; treatment=anti-PD1 resistant; gender=F; stage=M1b; type.of.primary=skin; previous. brafi=no_; prior.ctla4i=TRUE; groups=anti-PD1 resistant	F	anti-PD1 resistant	no_	TRUE	M1b	melanoma	anti-PD1 resistant	skin
GSM7833103	Pat36	melanoma	tissue=melanoma; treatment=anti-CTLA4 resistant; gender=F; stage=IIIb; type.of.primary=mucosa; previous. brafi=no_; prior.ctla4i=TRUE; groups=mucosal	F	mucosal	no_	TRUE	IIIb	melanoma	anti-CTLA4 resistant	mucosa
GSM7833104	Pat37	melanoma	tissue=melanoma; treatment=anti-PD1 resistant; gender=M; stage=M1c; type.of.primary=skin; previous. brafi=no_During, day 7; prior.ctla4i=FALSE; groups=anti-PD1 resistant, BRAFi day7	M	anti-PD1 resistant, BRAFi day7	no_During, day 7	FALSE	M1c	melanoma	anti-PD1 resistant	skin
GSM7833105	Pat39	melanoma	tissue=melanoma; treatment=anti-PD1 resistant; gender=M; stage=M1c; type.of.primary=skin; previous. brafi=yes_Before; prior.ctla4i=TRUE; groups=anti-PD1 resistant	M	anti-PD1 resistant	yes_Before	TRUE	M1c	melanoma	anti-PD1 resistant	skin
GSM7833106	Pat40	melanoma	tissue=melanoma; treatment=anti-PD1 resistant; gender=M; stage=M1c; type.of.primary=skin; previous. brafi=no_During, day 7; prior.ctla4i=TRUE; groups=anti-PD1 resistant, BRAFi day7	M	anti-PD1 resistant, BRAFi day7	no_During, day 7	TRUE	M1c	melanoma	anti-PD1 resistant	skin
GSM7833107	Pat41	melanoma	tissue=melanoma; treatment=anti-PD1 resistant; gender=M; stage=M1c; type.of.primary=skin; previous. brafi=no_During, day 7; prior.ctla4i=TRUE; groups=anti-PD1 resistant, BRAFi day7	M	anti-PD1 resistant, BRAFi day7	no_During, day 7	TRUE	M1c	melanoma	anti-PD1 resistant	skin
GSM7833108	Pat42	melanoma	tissue=melanoma; treatment=anti-PD1 resistant; gender=F; stage=M1a; type.of.primary=skin; previous. brafi=no_; prior.ctla4i=TRUE; groups=anti-PD1 resistant	F	anti-PD1 resistant	no_	TRUE	M1a	melanoma	anti-PD1 resistant	skin
GSM7833109	Pat43	melanoma	tissue=melanoma; treatment=anti-PD1 resistant; gender=M; stage=M1c; type.of.primary=skin; previous. brafi=no_During, day 7; prior.ctla4i=TRUE; groups=anti-PD1 resistant, BRAFi day7	M	anti-PD1 resistant, BRAFi day7	no_During, day 7	TRUE	M1c	melanoma	anti-PD1 resistant	skin
GSM7833110	Pat44	melanoma	tissue=melanoma; treatment=anti-PD1 resistant; gender=F; stage=IIIb; type.of.primary=skin; previous. brafi=no_; prior.ctla4i=TRUE; groups=anti-PD1 resistant	F	anti-PD1 resistant	no_	TRUE	IIIb	melanoma	anti-PD1 resistant	skin
GSM7833111	Pat45	melanoma	tissue=melanoma; treatment=anti-PD1 resistant; gender=F; stage=M1c; type.of.primary=skin; previous. brafi=no_; prior.ctla4i=FALSE; groups=anti-PD1 resistant	F	anti-PD1 resistant	no_	FALSE	M1c	melanoma	anti-PD1 resistant	skin
GSM7833112	Pat46	melanoma	tissue=melanoma; treatment=anti-PD1 resistant; gender=M; stage=M1c; type.of.primary=skin; previous. brafi=yes_Before; prior.ctla4i=TRUE; groups=anti-PD1 resistant	M	anti-PD1 resistant	yes_Before	TRUE	M1c	melanoma	anti-PD1 resistant	skin
GSM7833113	Pat47	melanoma	tissue=melanoma; treatment=anti-PD1 resistant; gender=F; stage=M1c; type.of.primary=skin; previous. brafi=no_During, day 7; prior.ctla4i=TRUE; groups=anti-PD1 resistant, BRAFi day7	F	anti-PD1 resistant, BRAFi day7	no_During, day 7	TRUE	M1c	melanoma	anti-PD1 resistant	skin
GSM7833114	Pat48	melanoma	tissue=melanoma; treatment=anti-PD1 resistant; gender=F; stage=M1c; type.of.primary=skin; previous. brafi=no_During, day 7; prior.ctla4i=FALSE; groups=anti-PD1 resistant, BRAFi day7	F	anti-PD1 resistant, BRAFi day7	no_During, day 7	FALSE	M1c	melanoma	anti-PD1 resistant	skin
GSM7833115	Pat49	melanoma	tissue=melanoma; treatment=anti-PD1 resistant; gender=M; stage=M1c; type.of.primary=unknown; previous. brafi=no_; prior.ctla4i=TRUE; groups=anti-PD1 resistant	M	anti-PD1 resistant	no_	TRUE	M1c	melanoma	anti-PD1 resistant	unknown
GSM7833116	Pat50	melanoma	tissue=melanoma; treatment=anti-PD1 resistant; gender=F; stage=M1b; type.of.primary=unknown; previous. brafi=no_During, day 7; prior.ctla4i=TRUE; groups=anti-PD1 resistant, BRAFi day7	F	anti-PD1 resistant, BRAFi day7	no_During, day 7	TRUE	M1b	melanoma	anti-PD1 resistant	unknown
