gsm	original_column	mapped
GSM7833076	Pat5	ok
GSM7833077	Pat6	ok
GSM7833078	Pat8	ok
GSM7833079	Pat9	ok
GSM7833080	Pat11	ok
GSM7833081	Pat13	ok
GSM7833082	Pat14	ok
GSM7833083	Pat15	ok
GSM7833084	Pat16	ok
GSM7833085	Pat17	ok
GSM7833086	Pat18	ok
GSM7833087	Pat19	ok
GSM7833088	Pat20	ok
GSM7833089	Pat21	ok
GSM7833090	Pat22	ok
GSM7833091	Pat23	ok
GSM7833092	Pat25	ok
GSM7833093	Pat26	ok
GSM7833094	Pat27	ok
GSM7833095	Pat28	ok
GSM7833096	Pat29	ok
GSM7833097	Pat30	ok
GSM7833098	Pat31	ok
GSM7833099	Pat32	ok
GSM7833100	Pat33	ok
GSM7833101	Pat34	ok
GSM7833102	Pat35	ok
GSM7833103	Pat36	ok
GSM7833104	Pat37	ok
GSM7833105	Pat39	ok
GSM7833106	Pat40	ok
GSM7833107	Pat41	ok
GSM7833108	Pat42	ok
GSM7833109	Pat43	ok
GSM7833110	Pat44	ok
GSM7833111	Pat45	ok
GSM7833112	Pat46	ok
GSM7833113	Pat47	ok
GSM7833114	Pat48	ok
GSM7833115	Pat49	ok
GSM7833116	Pat50	ok
