gsm	geo_title	patient_id	visit_geo	geo_response	riaz_bor	riaz_bor_merged	riaz_resp_label	prior_ici	pop_categ	trial_subject_id	clinical_os_days	clinical_ibor	match
GSM2420260	Pt1_On_AD174047-6	Pt1	On	PD	PD	PD	NB	ipilimumab_progressive	ProgOn	CA209038-1-1	160	PROGRESSION	exact
GSM2420259	Pt1_Pre_AD101148-6	Pt1	Pre	PD	PD	PD	NB	ipilimumab_progressive	ProgPre	CA209038-1-1	160	PROGRESSION	exact
GSM2420262	Pt2_On_AD174046-6	Pt2	On	SD	SD	SD	LB	ipilimumab_progressive	ProgOn	CA209038-1-2	275	STABLE DISEASE	exact
GSM2420261	Pt2_Pre_AD101150-6	Pt2	Pre	SD	SD	SD	LB	ipilimumab_progressive	ProgPre	CA209038-1-2	275	STABLE DISEASE	exact
GSM2420323	Pt3_On_E9047638-6	Pt3	On	PRCR	PR	PRCR	LB	ipilimumab_naive	NaiveOn	CA209038-8-3	1144	PARTIAL RESPONSE	exact
GSM2420324	Pt3_Pre_E9024733-3	Pt3	Pre	PRCR	PR	PRCR	LB	ipilimumab_naive	NaivePre	CA209038-8-3	1144	PARTIAL RESPONSE	exact
GSM2420325	Pt4_On_E9047643-7	Pt4	On	SD	SD	SD	LB	ipilimumab_naive	NaiveOn	CA209038-8-4	633	STABLE DISEASE	exact
GSM2420326	Pt4_Pre_E9021023-6	Pt4	Pre	SD	SD	SD	LB	ipilimumab_naive	NaivePre	CA209038-8-4	633	STABLE DISEASE	exact
GSM2420328	Pt5_On_E9047635-6	Pt5	On	PD	PD	PD	NB	ipilimumab_naive	NaiveOn	CA209038-8-5	222	PROGRESSION	exact
GSM2420329	Pt5_Pre_E9021022-6	Pt5	Pre	PD	PD	PD	NB	ipilimumab_naive	NaivePre	CA209038-8-5	222	PROGRESSION	exact
GSM2420361	Pt8_On_AD167380-7	Pt8	On	PD	PD	PD	NB	ipilimumab_naive	NaiveOn	CA209038-12-8	259	PROGRESSION	exact
GSM2420360	Pt8_Pre_AD153354-6	Pt8	Pre	PD	PD	PD	NB	ipilimumab_naive	NaivePre	CA209038-12-8	259	PROGRESSION	exact
GSM2420332	Pt9_On_E9047644-7	Pt9	On	PD	PD	PD	NB	ipilimumab_naive	NaiveOn	CA209038-8-9	92	PROGRESSION	exact
GSM2420331	Pt9_Pre_E9021024-6	Pt9	Pre	PD	PD	PD	NB	ipilimumab_naive	NaivePre	CA209038-8-9	92	PROGRESSION	exact
GSM2420334	Pt10_On_E9047632-6	Pt10	On	SD	SD	SD	LB	ipilimumab_naive	NaiveOn	CA209038-8-10	256	STABLE DISEASE	exact
GSM2420333	Pt10_Pre_E9047565-6	Pt10	Pre	SD	SD	SD	LB	ipilimumab_naive	NaivePre	CA209038-8-10	256	STABLE DISEASE	exact
GSM2420363	Pt11_On_AD314068-6	Pt11	On	PD	PD	PD	NB	ipilimumab_naive	NaiveOn	CA209038-12-11	837	PROGRESSION	exact
GSM2420362	Pt11_Pre_AD153352-6	Pt11	Pre	PD	PD	PD	NB	ipilimumab_naive	NaivePre	CA209038-12-11	837	PROGRESSION	exact
GSM2420364	Pt13_On_AD314067-6	Pt13	On	PD	PD	PD	NB	ipilimumab_naive	NaiveOn	CA209038-12-13	280	PROGRESSION	exact
GSM2420365	Pt16_On_AD167378-6	Pt16	On	UNK	NE	NE	NA	ipilimumab_progressive	ProgOn	CA209038-12-16			exact
GSM2420335	Pt17_On_E9261162-5	Pt17	On	PD	PD	PD	NB	ipilimumab_progressive	ProgOn	CA209038-8-17	57	PROGRESSION	exact
GSM2420336	Pt17_Pre_E9047563-6	Pt17	Pre	PD	PD	PD	NB	ipilimumab_progressive	ProgPre	CA209038-8-17	57	PROGRESSION	exact
GSM2420338	Pt18_On_E9261163-5	Pt18	On	PRCR	PR	PRCR	LB	ipilimumab_naive	NaiveOn	CA209038-8-18	1073	NA	exact
GSM2420337	Pt18_Pre_E9024732-6	Pt18	Pre	PRCR	PR	PRCR	LB	ipilimumab_naive	NaivePre	CA209038-8-18	1073	NA	exact
GSM2420263	Pt23_On_AD486568-8	Pt23	On	UNK	NE	NE	NA	ipilimumab_naive	NaiveOn	CA209038-1-23	52	DEATH PRIOR TO DISEASE ASSESSMENT	exact
GSM2420264	Pt23_Pre_AD313075-5	Pt23	Pre	UNK	NE	NE	NA	ipilimumab_naive	NaivePre	CA209038-1-23	52	DEATH PRIOR TO DISEASE ASSESSMENT	exact
GSM2420352	Pt24_Pre_AD436687-5	Pt24	Pre	PD	PD	PD	NB	ipilimumab_naive	NaivePre	CA209038-10-24	149	PROGRESSION	exact
GSM2420367	Pt26_On_AD467915-5	Pt26	On	SD	SD	SD	LB	ipilimumab_progressive	ProgOn	CA209038-12-26	952	PROGRESSION	exact
GSM2420366	Pt26_Pre_AD467789-6	Pt26	Pre	SD	SD	SD	LB	ipilimumab_progressive	ProgPre	CA209038-12-26	952	PROGRESSION	exact
GSM2420353	Pt27_On_AD467934-5	Pt27	On	PD	PD	PD	NB	ipilimumab_naive	NaiveOn	CA209038-10-27	475	PROGRESSION	exact
GSM2420354	Pt27_Pre_AD453873-5	Pt27	Pre	PD	PD	PD	NB	ipilimumab_naive	NaivePre	CA209038-10-27	475	PROGRESSION	exact
GSM2420369	Pt28_On_AD167375-7	Pt28	On	PD	PD	PD	NB	ipilimumab_naive	NaiveOn	CA209038-12-28	740	PROGRESSION	exact
GSM2420368	Pt28_Pre_AD297619-6	Pt28	Pre	PD	PD	PD	NB	ipilimumab_naive	NaivePre	CA209038-12-28	740	PROGRESSION	exact
GSM2420355	Pt29_Pre_AD497504-5	Pt29	Pre	PD	PD	PD	NB	ipilimumab_naive	NaivePre	CA209038-10-29	273	PROGRESSION	exact
GSM2420356	Pt30_On_AD505620-6	Pt30	On	PRCR	CR	PRCR	LB	ipilimumab_naive	NaiveOn	CA209038-10-30	1053	PARTIAL RESPONSE	exact
GSM2420357	Pt30_Pre_AD497503-5	Pt30	Pre	PRCR	CR	PRCR	LB	ipilimumab_naive	NaivePre	CA209038-10-30	1053	PARTIAL RESPONSE	exact
GSM2420358	Pt31_On_AD467932-6	Pt31	On	PD	PD	PD	NB	ipilimumab_naive	NaiveOn	CA209038-10-31	961	PROGRESSION	exact
GSM2420359	Pt31_Pre_AD453872-5	Pt31	Pre	PD	PD	PD	NB	ipilimumab_naive	NaivePre	CA209038-10-31	961	PROGRESSION	exact
GSM2420339	Pt32_On_E9414883-5	Pt32	On	PD	PD	PD	NB	ipilimumab_progressive	ProgOn	CA209038-8-32	114	PROGRESSION	exact
GSM2420374	Pt34_On_AD485757-6	Pt34	On	PRCR	PR	PRCR	LB	ipilimumab_progressive	ProgOn	CA209038-14-34	834	NA	exact
GSM2420375	Pt34_Pre_AD466985-6	Pt34	Pre	PRCR	PR	PRCR	LB	ipilimumab_progressive	ProgPre	CA209038-14-34	834	NA	exact
GSM2420376	Pt35_On_AD485758-6	Pt35	On	PRCR	PR	PRCR	LB	ipilimumab_naive	NaiveOn	CA209038-14-35			exact
GSM2420345	Pt36_On_AD495182-6	Pt36	On	SD	SD	SD	LB	ipilimumab_progressive	ProgOn	CA209038-9-36	1081	NA	exact
GSM2420344	Pt36_Pre_AD467095-6	Pt36	Pre	SD	SD	SD	LB	ipilimumab_progressive	ProgPre	CA209038-9-36	1081	NA	exact
GSM2420349	Pt37_On_AD495183-5	Pt37	On	SD	SD	SD	LB	ipilimumab_progressive	ProgOn	CA209038-9-37	646	STABLE DISEASE	exact
GSM2420346	Pt37_Pre_AD502452-5	Pt37	Pre	SD	SD	SD	LB	ipilimumab_progressive	ProgPre	CA209038-9-37	646	STABLE DISEASE	exact
GSM2420340	Pt38_On_E9414881-5	Pt38	On	SD	SD	SD	LB	ipilimumab_progressive	ProgOn	CA209038-8-38	167	PROGRESSION	exact
GSM2420341	Pt38_Pre_E9200719-6	Pt38	Pre	SD	SD	SD	LB	ipilimumab_progressive	ProgPre	CA209038-8-38	167	PROGRESSION	exact
GSM2420265	Pt39_Pre_AD485899-5	Pt39	Pre	PD	PD	PD	NB	ipilimumab_progressive	ProgPre	CA209038-1-39	166	PROGRESSION	exact
GSM2420371	Pt44_On_AD167376-6	Pt44	On	PRCR	PR	PRCR	LB	ipilimumab_naive	NaiveOn	CA209038-12-44	1093	PARTIAL RESPONSE	exact
GSM2420370	Pt44_Pre_AD467790-6	Pt44	Pre	PRCR	PR	PRCR	LB	ipilimumab_naive	NaivePre	CA209038-12-44	1093	PARTIAL RESPONSE	exact
GSM2420351	Pt46_On_AD781834-6	Pt46	On	PD	PD	PD	NB	ipilimumab_progressive	ProgOn	CA209038-9-46	227	PROGRESSION	exact
GSM2420350	Pt46_Pre_AD467096-6	Pt46	Pre	PD	PD	PD	NB	ipilimumab_progressive	ProgPre	CA209038-9-46	227	PROGRESSION	exact
GSM2420283	Pt47_On_AD530367-6	Pt47	On	PD	PD	PD	NB	ipilimumab_progressive	ProgOn	CA209038-4-47	718	PROGRESSION	exact
GSM2420282	Pt47_Pre_AD506073-6	Pt47	Pre	PD	PD	PD	NB	ipilimumab_progressive	ProgPre	CA209038-4-47	718	PROGRESSION	exact
GSM2420342	Pt48_On_E9047631-6	Pt48	On	PRCR	CR	PRCR	LB	ipilimumab_progressive	ProgOn	CA209038-8-48	1046	NA	exact
GSM2420343	Pt48_Pre_E9047561-7	Pt48	Pre	PRCR	CR	PRCR	LB	ipilimumab_progressive	ProgPre	CA209038-8-48	1046	NA	exact
GSM2420271	Pt49_On_AD681976-5	Pt49	On	PRCR	PR	PRCR	LB	ipilimumab_progressive	ProgOn	CA209038-3-49	827	PARTIAL RESPONSE	exact
GSM2420270	Pt49_Pre_AD667851-6	Pt49	Pre	PRCR	PR	PRCR	LB	ipilimumab_progressive	ProgPre	CA209038-3-49	827	PARTIAL RESPONSE	exact
GSM2420284	Pt52_On_AD530365-6	Pt52	On	PD	PD	PD	NB	ipilimumab_progressive	ProgOn	CA209038-4-52	476	PROGRESSION	exact
GSM2420285	Pt52_Pre_AD506075-6	Pt52	Pre	PD	PD	PD	NB	ipilimumab_progressive	ProgPre	CA209038-4-52	476	PROGRESSION	exact
GSM2420266	Pt58_On_AE045812-10	Pt58	On	SD	SD	SD	LB	ipilimumab_progressive	ProgOn	CA209038-1-58	499	STABLE DISEASE	exact
GSM2420267	Pt59_Pre_AD823915-5	Pt59	Pre	SD	SD	SD	LB	ipilimumab_naive	NaivePre	CA209038-1-59	708	STABLE DISEASE	exact
GSM2420301	Pt62_On_AD635728-5	Pt62	On	PD	PD	PD	NB	ipilimumab_naive	NaiveOn	CA209038-6-62	472	PROGRESSION	exact
GSM2420302	Pt62_Pre_AD608303-5	Pt62	Pre	PD	PD	PD	NB	ipilimumab_naive	NaivePre	CA209038-6-62	472	PROGRESSION	exact
GSM2420304	Pt65_On_AD796996-5	Pt65	On	SD	SD	SD	LB	ipilimumab_progressive	ProgOn	CA209038-6-65	692	STABLE DISEASE	exact
GSM2420303	Pt65_Pre_AD793919-6	Pt65	Pre	SD	SD	SD	LB	ipilimumab_progressive	ProgPre	CA209038-6-65	692	STABLE DISEASE	exact
GSM2420272	Pt66_Pre_AD667850-6	Pt66	Pre	PD	PD	PD	NB	ipilimumab_naive	NaivePre	CA209038-3-66	542	PROGRESSION	exact
GSM2420287	Pt67_On_AD530366-6	Pt67	On	SD	SD	SD	LB	ipilimumab_progressive	ProgOn	CA209038-4-67	1032	STABLE DISEASE	exact
GSM2420286	Pt67_Pre_AD506074-6	Pt67	Pre	SD	SD	SD	LB	ipilimumab_progressive	ProgPre	CA209038-4-67	1032	STABLE DISEASE	exact
GSM2420305	Pt68_On_AD635729-6	Pt68	On	PRCR	NOT_IN_TABLE	NA	NA	NA	NA	NA	842	COMPLETE RESPONSE	geo_only
GSM2420306	Pt69_On_AD635730-6	Pt69	On	PRCR	CR	PRCR	LB	ipilimumab_progressive	ProgOn	CA209038-6-69			exact
GSM2420307	Pt72_Pre_AD793922-5	Pt72	Pre	PRCR	PR	PRCR	LB	ipilimumab_naive	NaivePre	CA209038-6-72	770	PARTIAL RESPONSE	exact
GSM2420273	Pt76_Pre_AD667852-6	Pt76	Pre	UNK	NE	NE	NA	ipilimumab_naive	NaivePre	CA209038-3-76	10	DEATH PRIOR TO DISEASE ASSESSMENT	exact
GSM2420293	Pt77_On_AD733629-8	Pt77	On	SD	SD	SD	LB	ipilimumab_naive	NaiveOn	CA209038-5-77	471	STABLE DISEASE	exact
GSM2420292	Pt77_Pre_AD733591-7	Pt77	Pre	SD	SD	SD	LB	ipilimumab_naive	NaivePre	CA209038-5-77	471	STABLE DISEASE	exact
GSM2420308	Pt78_On_AE148748-6	Pt78	On	PD	PD	PD	NB	ipilimumab_progressive	ProgOn	CA209038-7-78	78	PROGRESSION	exact
GSM2420310	Pt78_Pre_AD467018-5	Pt78	Pre	PD	PD	PD	NB	ipilimumab_progressive	ProgPre	CA209038-7-78	78	PROGRESSION	exact
GSM2420294	Pt79_On_AD733628-6	Pt79	On	SD	SD	SD	LB	ipilimumab_progressive	ProgOn	CA209038-5-79	218	STABLE DISEASE	exact
GSM2420295	Pt79_Pre_AD733587-5	Pt79	Pre	SD	SD	SD	LB	ipilimumab_progressive	ProgPre	CA209038-5-79	218	STABLE DISEASE	exact
GSM2420311	Pt80_On_AD467874-5	Pt80	On	PD	PD	PD	NB	ipilimumab_progressive	ProgOn	CA209038-7-80			exact
GSM2420274	Pt81_On_AD681973-5	Pt81	On	PD	PD	PD	NB	ipilimumab_naive	NaiveOn	CA209038-3-81			exact
GSM2420269	Pt82_On_AD125218-6	Pt82	On	SD	SD	SD	LB	ipilimumab_progressive	ProgOn	CA209038-1-82	429	STABLE DISEASE	exact
GSM2420268	Pt82_Pre_AD823914-8	Pt82	Pre	SD	SD	SD	LB	ipilimumab_progressive	ProgPre	CA209038-1-82	429	STABLE DISEASE	exact
GSM2420297	Pt84_On_AD495199-6	Pt84	On	PD	PD	PD	NB	ipilimumab_naive	NaiveOn	CA209038-5-84	151	PROGRESSION	exact
GSM2420296	Pt84_Pre_AD486532-5	Pt84	Pre	PD	PD	PD	NB	ipilimumab_naive	NaivePre	CA209038-5-84	151	PROGRESSION	exact
GSM2420276	Pt85_On_AE070989-10	Pt85	On	PD	PD	PD	NB	ipilimumab_progressive	ProgOn	CA209038-3-85	904	PROGRESSION	exact
GSM2420275	Pt85_Pre_AD486329-5	Pt85	Pre	PD	PD	PD	NB	ipilimumab_progressive	ProgPre	CA209038-3-85	904	PROGRESSION	exact
GSM2420298	Pt87_On_AD495198-6	Pt87	On	SD	SD	SD	LB	ipilimumab_naive	NaiveOn	CA209038-5-87	974	PARTIAL RESPONSE	exact
GSM2420278	Pt89_On_AE070987-5	Pt89	On	SD	SD	SD	LB	ipilimumab_naive	NaiveOn	CA209038-3-89	844	STABLE DISEASE	exact
GSM2420277	Pt89_Pre_AE070951-5	Pt89	Pre	SD	SD	SD	LB	ipilimumab_naive	NaivePre	CA209038-3-89	844	STABLE DISEASE	exact
GSM2420312	Pt90_Pre_AD467873-6	Pt90	Pre	PD	PD	PD	NB	ipilimumab_progressive	ProgPre	CA209038-7-90	174	PROGRESSION	exact
GSM2420316	Pt92_On_AE148750-5	Pt92	On	SD	SD	SD	LB	ipilimumab_progressive	ProgOn	CA209038-7-92	333	STABLE DISEASE	exact
GSM2420313	Pt92_Pre_AE134060-5	Pt92	Pre	SD	SD	SD	LB	ipilimumab_progressive	ProgPre	CA209038-7-92	333	STABLE DISEASE	exact
GSM2420279	Pt93_On_AE070988-5	Pt93	On	PD	PD	PD	NB	ipilimumab_progressive	ProgOn	CA209038-3-93	849	PROGRESSION	exact
GSM2420288	Pt94_On_AE373242-6	Pt94	On	PRCR	CR	PRCR	LB	ipilimumab_naive	NaiveOn	CA209038-4-94	981	COMPLETE RESPONSE	exact
GSM2420289	Pt94_Pre_AD732850-6	Pt94	Pre	PRCR	CR	PRCR	LB	ipilimumab_naive	NaivePre	CA209038-4-94	981	COMPLETE RESPONSE	exact
GSM2420300	Pt98_On_AE086717-6	Pt98	On	SD	SD	SD	LB	ipilimumab_progressive	ProgOn	CA209038-5-98	747	STABLE DISEASE	exact
GSM2420299	Pt98_Pre_AD733586-8	Pt98	Pre	SD	SD	SD	LB	ipilimumab_progressive	ProgPre	CA209038-5-98	747	STABLE DISEASE	exact
GSM2420281	Pt101_On_AD681975-5	Pt101	On	PRCR	PR	PRCR	LB	ipilimumab_progressive	ProgOn	CA209038-3-101	834	PARTIAL RESPONSE	exact
GSM2420280	Pt101_Pre_AD486328-5	Pt101	Pre	PRCR	PR	PRCR	LB	ipilimumab_progressive	ProgPre	CA209038-3-101	834	PARTIAL RESPONSE	exact
GSM2420317	Pt103_On_AE134059-6	Pt103	On	PD	PD	PD	NB	ipilimumab_progressive	ProgOn	CA209038-7-103	484	PROGRESSION	exact
GSM2420318	Pt103_Pre_AE134058-2	Pt103	Pre	PD	PD	PD	NB	ipilimumab_progressive	ProgPre	CA209038-7-103	484	PROGRESSION	exact
GSM2420290	Pt105_On_AE373241-6	Pt105	On	PRCR	PR	PRCR	LB	ipilimumab_progressive	ProgOn	CA209038-4-105			exact
GSM2420373	Pt106_On_AD513626-6	Pt106	On	PD	PD	PD	NB	ipilimumab_progressive	ProgOn	CA209038-13-106	91	PROGRESSION	exact
GSM2420372	Pt106_Pre_AD502250-5	Pt106	Pre	PD	PD	PD	NB	ipilimumab_progressive	ProgPre	CA209038-13-106	91	PROGRESSION	exact
GSM2420291	Pt108_On_AE373243-6	Pt108	On	SD	SD	SD	LB	ipilimumab_progressive	ProgOn	CA209038-4-108	913	STABLE DISEASE	exact
GSM2420320	Pt109_On_AE527955-5	Pt109	On	PD	PD	PD	NB	ipilimumab_progressive	ProgOn	CA209038-7-109			exact
GSM2420319	Pt109_On_AE527955-6	Pt109	On	PD	NOT_IN_TABLE	NA	NA	NA	NA	NA			geo_only
