cohort	file	listed_bytes	actual_bytes	md5	integrity	status
GSE308434	GSE308434/GSM9245398_F01_on_sn_counts.csv.gz	35788372	35788372	ba0a43d71d6752bbfda91d408bb5325d	gzip 全流解压通过	ok
GSE308434	GSE308434/GSM9245398_F01_on_sn_features.tsv.gz	294478	294478	ac13e8a24bb4395fd044463c54f68a06	gzip 全流解压通过	ok
GSE308434	GSE308434/GSM9245399_F01_pre_sn_counts.csv.gz	29040472	29040472	aeac8174b5b46c6b9fee7422317c8167	gzip 全流解压通过	ok
GSE308434	GSE308434/GSM9245399_F01_pre_sn_features.tsv.gz	294478	294478	ac13e8a24bb4395fd044463c54f68a06	gzip 全流解压通过	ok
GSE308434	GSE308434/GSM9245400_F02_on_sn_counts.csv.gz	22097449	22097449	b2a4b57ab780b2319140285da21055a6	gzip 全流解压通过	ok
GSE308434	GSE308434/GSM9245400_F02_on_sn_features.tsv.gz	294478	294478	ac13e8a24bb4395fd044463c54f68a06	gzip 全流解压通过	ok
GSE308434	GSE308434/GSM9245401_F02_pre_sn_counts.csv.gz	44265054	44265054	56d5625ee3d69fb7ce2cb6c272087427	gzip 全流解压通过	ok
GSE308434	GSE308434/GSM9245401_F02_pre_sn_features.tsv.gz	294478	294478	ac13e8a24bb4395fd044463c54f68a06	gzip 全流解压通过	ok
GSE308434	GSE308434/GSM9245402_F03_post1_on2_sn_counts.csv.gz	69701790	69701790	1ef0911c33549c9b6a14708f3e7cb553	gzip 全流解压通过	ok
GSE308434	GSE308434/GSM9245402_F03_post1_on2_sn_features.tsv.gz	294478	294478	ac13e8a24bb4395fd044463c54f68a06	gzip 全流解压通过	ok
GSE308434	GSE308434/GSM9245403_F03_post1_pre2_sn_counts.csv.gz	28982281	28982281	82ae16578f9321eb9d4320d7d41f19b3	gzip 全流解压通过	ok
GSE308434	GSE308434/GSM9245403_F03_post1_pre2_sn_features.tsv.gz	294478	294478	ac13e8a24bb4395fd044463c54f68a06	gzip 全流解压通过	ok
GSE308434	GSE308434/GSM9245404_F04_pre_sn_counts.csv.gz	33123863	33123863	72257b139e941945c8223616bd239ad3	gzip 全流解压通过	ok
GSE308434	GSE308434/GSM9245404_F04_pre_sn_features.tsv.gz	294478	294478	ac13e8a24bb4395fd044463c54f68a06	gzip 全流解压通过	ok
GSE308434	GSE308434/GSM9245405_F05_pre_sn_counts.csv.gz	35570787	35570787	1c6a0d1c81fa4e4e79eaa38e41f66bc0	gzip 全流解压通过	ok
GSE308434	GSE308434/GSM9245405_F05_pre_sn_features.tsv.gz	294478	294478	ac13e8a24bb4395fd044463c54f68a06	gzip 全流解压通过	ok
GSE308434	GSE308434/GSM9245406_F06_post1_pre2_sn_counts.csv.gz	12829087	12829087	04ca4f652ca22c09078603269bd80842	gzip 全流解压通过	ok
GSE308434	GSE308434/GSM9245406_F06_post1_pre2_sn_features.tsv.gz	294478	294478	ac13e8a24bb4395fd044463c54f68a06	gzip 全流解压通过	ok
GSE308434	GSE308434/GSM9245407_F07_post1_pre2_sn_counts.csv.gz	8561518	8561518	84e9a46b60f69aa1670ffd9a8b5485d2	gzip 全流解压通过	ok
GSE308434	GSE308434/GSM9245407_F07_post1_pre2_sn_features.tsv.gz	294478	294478	ac13e8a24bb4395fd044463c54f68a06	gzip 全流解压通过	ok
GSE308434	GSE308434/GSM9245408_F08_post_sn_counts.csv.gz	39580874	39580874	2780d2d132cf51cef04389e2c8cbdc8a	gzip 全流解压通过	ok
GSE308434	GSE308434/GSM9245408_F08_post_sn_features.tsv.gz	294478	294478	ac13e8a24bb4395fd044463c54f68a06	gzip 全流解压通过	ok
GSE308434	GSE308434/GSM9245409_F09_post_sn_counts.csv.gz	28547900	28547900	39f1d3e2b0361f0cfae09e5d0bf86673	gzip 全流解压通过	ok
GSE308434	GSE308434/GSM9245409_F09_post_sn_features.tsv.gz	294478	294478	ac13e8a24bb4395fd044463c54f68a06	gzip 全流解压通过	ok
GSE308434	GSE308434/GSM9245410_F10_post_sn_counts.csv.gz	14912207	14912207	ef4143b6c613bf251b68edd7b7d5d535	gzip 全流解压通过	ok
GSE308434	GSE308434/GSM9245410_F10_post_sn_features.tsv.gz	294478	294478	ac13e8a24bb4395fd044463c54f68a06	gzip 全流解压通过	ok
GSE308434	GSE308434/GSM9245411_F12_post_sn_counts.csv.gz	45716709	45716709	9897a42d4d292ebbfc1f307b43e69cb5	gzip 全流解压通过	ok
GSE308434	GSE308434/GSM9245411_F12_post_sn_features.tsv.gz	294478	294478	ac13e8a24bb4395fd044463c54f68a06	gzip 全流解压通过	ok
GSE308434	GSE308434/GSM9245412_F12_pre_sn_counts.csv.gz	22826034	22826034	ef08264c8152b354b3d5cf87b47fa993	gzip 全流解压通过	ok
GSE308434	GSE308434/GSM9245412_F12_pre_sn_features.tsv.gz	294478	294478	ac13e8a24bb4395fd044463c54f68a06	gzip 全流解压通过	ok
GSE308434	GSE308434/GSM9245413_F15_pre_sn_counts.csv.gz	26320701	26320701	77f24e9d18e40ccd0186c049de15b685	gzip 全流解压通过	ok
GSE308434	GSE308434/GSM9245413_F15_pre_sn_features.tsv.gz	294478	294478	ac13e8a24bb4395fd044463c54f68a06	gzip 全流解压通过	ok
GSE308434	GSE308434/GSM9245414_F16_post1_pre2_sn_counts.csv.gz	30109705	30109705	d98a0714bca1c05353048696cae9f825	gzip 全流解压通过	ok
GSE308434	GSE308434/GSM9245414_F16_post1_pre2_sn_features.tsv.gz	294478	294478	ac13e8a24bb4395fd044463c54f68a06	gzip 全流解压通过	ok
GSE308434	GSE308434/GSM9245415_F16_pre_sn_counts.csv.gz	42934351	42934351	692bf2385139bbcda11019a6ddfca1bb	gzip 全流解压通过	ok
GSE308434	GSE308434/GSM9245415_F16_pre_sn_features.tsv.gz	294478	294478	ac13e8a24bb4395fd044463c54f68a06	gzip 全流解压通过	ok
GSE308434	GSE308434/GSM9245416_F17_post_sn_counts.csv.gz	39096672	39096672	c309c8e569be3086dcc0190b61272b5d	gzip 全流解压通过	ok
GSE308434	GSE308434/GSM9245416_F17_post_sn_features.tsv.gz	294478	294478	ac13e8a24bb4395fd044463c54f68a06	gzip 全流解压通过	ok
GSE308434	GSE308434/GSM9245417_F18_post_sn_counts.csv.gz	14962639	14962639	d91c896a971061ba1288604cf9b48fae	gzip 全流解压通过	ok
GSE308434	GSE308434/GSM9245417_F18_post_sn_features.tsv.gz	294478	294478	ac13e8a24bb4395fd044463c54f68a06	gzip 全流解压通过	ok
GSE308434	GSE308434/GSM9245418_F20_post1_pre2_sn_counts.csv.gz	50745592	50745592	7a8c9e8af71b617d5bfc9cff3bc356f7	gzip 全流解压通过	ok
GSE308434	GSE308434/GSM9245418_F20_post1_pre2_sn_features.tsv.gz	294478	294478	ac13e8a24bb4395fd044463c54f68a06	gzip 全流解压通过	ok
GSE308434	GSE308434/GSM9245419_F22_post_sn_counts.csv.gz	36961825	36961825	9a219ce0dd68a6c62ebc91554aca0ffc	gzip 全流解压通过	ok
GSE308434	GSE308434/GSM9245419_F22_post_sn_features.tsv.gz	294478	294478	ac13e8a24bb4395fd044463c54f68a06	gzip 全流解压通过	ok
GSE308434	GSE308434/GSM9245420_F23_post_sn_counts.csv.gz	4161748	4161748	3a9b7b602c1109485f7955d80c83851f	gzip 全流解压通过	ok
GSE308434	GSE308434/GSM9245420_F23_post_sn_features.tsv.gz	294478	294478	ac13e8a24bb4395fd044463c54f68a06	gzip 全流解压通过	ok
GSE308434	GSE308434/GSM9245421_F25_post_sn_counts.csv.gz	14221030	14221030	0e7aa740ea24089ee8e81cb1c7258fcb	gzip 全流解压通过	ok
GSE308434	GSE308434/GSM9245421_F25_post_sn_features.tsv.gz	294478	294478	ac13e8a24bb4395fd044463c54f68a06	gzip 全流解压通过	ok
GSE308434	GSE308434/GSM9245422_F26_post_sn_counts.csv.gz	15859909	15859909	f12324938a7e538754be6bc1bfe067d9	gzip 全流解压通过	ok
GSE308434	GSE308434/GSM9245422_F26_post_sn_features.tsv.gz	294478	294478	ac13e8a24bb4395fd044463c54f68a06	gzip 全流解压通过	ok
GSE308434	GSE308434/GSM9245423_F27_post1_pre2_sn_counts.csv.gz	10807515	10807515	e10be044f29b7cae36aafd9a7ea1c1e7	gzip 全流解压通过	ok
GSE308434	GSE308434/GSM9245423_F27_post1_pre2_sn_features.tsv.gz	294478	294478	ac13e8a24bb4395fd044463c54f68a06	gzip 全流解压通过	ok
GSE308434	GSE308434/GSM9245424_F28_post1_pre2_sn_counts.csv.gz	34548055	34548055	f781fc6c9286d43f2d08c9d5a0c18548	gzip 全流解压通过	ok
GSE308434	GSE308434/GSM9245424_F28_post1_pre2_sn_features.tsv.gz	294478	294478	ac13e8a24bb4395fd044463c54f68a06	gzip 全流解压通过	ok
GSE308434	GSE308434/GSM9245425_F29_post1_pre2_sn_counts.csv.gz	32921106	32921106	f36936d43748e7b9b054064d06569732	gzip 全流解压通过	ok
GSE308434	GSE308434/GSM9245425_F29_post1_pre2_sn_features.tsv.gz	294478	294478	ac13e8a24bb4395fd044463c54f68a06	gzip 全流解压通过	ok
GSE308434	GSE308434/GSM9245426_F30_post_sn_counts.csv.gz	39526986	39526986	42f26908ca92f510a6f64c9a23814203	gzip 全流解压通过	ok
GSE308434	GSE308434/GSM9245426_F30_post_sn_features.tsv.gz	294478	294478	ac13e8a24bb4395fd044463c54f68a06	gzip 全流解压通过	ok
GSE308434	GSE308434/GSM9245427_F31_post_sn_counts.csv.gz	62654251	62654251	c93fddd49a234334ad10da02198f28ce	gzip 全流解压通过	ok
GSE308434	GSE308434/GSM9245427_F31_post_sn_features.tsv.gz	294478	294478	ac13e8a24bb4395fd044463c54f68a06	gzip 全流解压通过	ok
GSE308434	GSE308434/GSM9245428_R204_pre_sn_counts.csv.gz	56840296	56840296	b01d524ca674bd91aea3e23372611538	gzip 全流解压通过	ok
GSE308434	GSE308434/GSM9245428_R204_pre_sn_features.tsv.gz	294478	294478	ac13e8a24bb4395fd044463c54f68a06	gzip 全流解压通过	ok
GSE308434	GSE308434/GSM9245429_R294_on_sn_counts.csv.gz	34875360	34875360	1e09d3c3209d4bb9dbdf30e3188f36e5	gzip 全流解压通过	ok
GSE308434	GSE308434/GSM9245429_R294_on_sn_features.tsv.gz	294478	294478	ac13e8a24bb4395fd044463c54f68a06	gzip 全流解压通过	ok
GSE308434	GSE308434/GSM9245430_R308_pre_sn_counts.csv.gz	43414994	43414994	80808bc318371ab42f6ac69e82607204	gzip 全流解压通过	ok
GSE308434	GSE308434/GSM9245430_R308_pre_sn_features.tsv.gz	294478	294478	ac13e8a24bb4395fd044463c54f68a06	gzip 全流解压通过	ok
GSE308434	GSE308434/GSM9245431_R310_on1_sn_counts.csv.gz	50896798	50896798	a7d6be2534ed029ac3647f9495a50bca	gzip 全流解压通过	ok
GSE308434	GSE308434/GSM9245431_R310_on1_sn_features.tsv.gz	294478	294478	ac13e8a24bb4395fd044463c54f68a06	gzip 全流解压通过	ok
GSE308434	GSE308434/GSM9245432_R310_on2_sn_counts.csv.gz	39083761	39083761	eff4b698e4d7cc0740776ff971d57e1e	gzip 全流解压通过	ok
GSE308434	GSE308434/GSM9245432_R310_on2_sn_features.tsv.gz	294478	294478	ac13e8a24bb4395fd044463c54f68a06	gzip 全流解压通过	ok
GSE308434	GSE308434/GSM9245433_R310_pre_sn_counts.csv.gz	42504763	42504763	a12887c770e8881009dcfe224574641d	gzip 全流解压通过	ok
GSE308434	GSE308434/GSM9245433_R310_pre_sn_features.tsv.gz	294478	294478	ac13e8a24bb4395fd044463c54f68a06	gzip 全流解压通过	ok
GSE308434	GSE308434/GSM9245434_R319_on_sn_counts.csv.gz	35546398	35546398	1a6cc10513048039847b9f6ca226dbab	gzip 全流解压通过	ok
GSE308434	GSE308434/GSM9245434_R319_on_sn_features.tsv.gz	294478	294478	ac13e8a24bb4395fd044463c54f68a06	gzip 全流解压通过	ok
GSE308434	GSE308434/GSM9245435_R319_pre_sn_counts.csv.gz	20443616	20443616	2de2265f4baa340f1c063d2719e13551	gzip 全流解压通过	ok
GSE308434	GSE308434/GSM9245435_R319_pre_sn_features.tsv.gz	294478	294478	ac13e8a24bb4395fd044463c54f68a06	gzip 全流解压通过	ok
GSE308434	GSE308434/GSM9245436_R328_on_sn_counts.csv.gz	24153443	24153443	739c2866d6a260b52cc000c800328395	gzip 全流解压通过	ok
GSE308434	GSE308434/GSM9245436_R328_on_sn_features.tsv.gz	294478	294478	ac13e8a24bb4395fd044463c54f68a06	gzip 全流解压通过	ok
GSE308434	GSE308434/GSM9245437_R329_on_sn_counts.csv.gz	7338262	7338262	42524d0f7a648f6f09b624bdf1bf666b	gzip 全流解压通过	ok
GSE308434	GSE308434/GSM9245437_R329_on_sn_features.tsv.gz	294478	294478	ac13e8a24bb4395fd044463c54f68a06	gzip 全流解压通过	ok
GSE308434	GSE308434/GSM9245438_R334_pre_sn_counts.csv.gz	48776528	48776528	cf718e879ea827c8f3dd0cfade0bd4ba	gzip 全流解压通过	ok
GSE308434	GSE308434/GSM9245438_R334_pre_sn_features.tsv.gz	294478	294478	ac13e8a24bb4395fd044463c54f68a06	gzip 全流解压通过	ok
GSE308434	GSE308434/GSM9245439_R354_pre_sn_counts.csv.gz	53603806	53603806	cdb299c7b9012e6d2e746ad307d4b7f5	gzip 全流解压通过	ok
GSE308434	GSE308434/GSM9245439_R354_pre_sn_features.tsv.gz	294478	294478	ac13e8a24bb4395fd044463c54f68a06	gzip 全流解压通过	ok
GSE308435	GSE308435/GSE308435_RAW.tar	0	13455360	8e845903838734d29312e229e24127f7	tar 可列出 168 项	ok
GSE308435	GSE308435/filelist.txt	0	14821	2e63970f5349aed76b243ff5a22853e8	可读非空	ok
GSE308433	GSE308433/GSE308433_RAW.tar	0	1566720	67b27d7defa64aac1ba7b6eba1439227	tar 可列出 78 项	ok
GSE308433	GSE308433/filelist.txt	0	6029	6174b1c288629c6b3818db483c049286	可读非空	ok
GSE115821	GSE115821/GSE115821_MGH_counts.csv.gz	0	6063556	36f24eec71d17aa39e9c13db8094b268	gzip 全流解压通过	ok
