cohort	patient_id	role	n_samples	gsm_list	sample_titles	visits	label_primary	label_source	key_covariates	dup_flag	dup_rule	include_primary	include_sensitivity	exclude_reason	notes
GSE91061	Pt1	主开发队列	2	GSM2420259|GSM2420260	Pt1_Pre_AD101148-6|Pt1_On_AD174047-6	Pre|On	PD	Riaz 2017 RECIST v1.1 BOR=PD（PMID 29033130；PRCR=CR+PR 合并）	prior_ici=ipilimumab_progressive|pop_categ=ProgOn|ProgPre|OS_days=160|IBOR=PROGRESSION	Pre/On 同一病灶配对	按患者内配对结构处理，不当独立样本	是	是		
GSE91061	Pt2	主开发队列	2	GSM2420261|GSM2420262	Pt2_Pre_AD101150-6|Pt2_On_AD174046-6	Pre|On	SD	Riaz 2017 RECIST v1.1 BOR=SD（PMID 29033130；PRCR=CR+PR 合并）	prior_ici=ipilimumab_progressive|pop_categ=ProgOn|ProgPre|OS_days=275|IBOR=STABLE DISEASE	Pre/On 同一病灶配对	按患者内配对结构处理，不当独立样本	否	是	SD 不进主分析（主终点为 PRCR vs PD），单列做敏感性分析	
GSE91061	Pt3	主开发队列	2	GSM2420323|GSM2420324	Pt3_On_E9047638-6|Pt3_Pre_E9024733-3	On|Pre	PRCR	Riaz 2017 RECIST v1.1 BOR=PR（PMID 29033130；PRCR=CR+PR 合并）	prior_ici=ipilimumab_naive|pop_categ=NaiveOn|NaivePre|OS_days=1144|IBOR=PARTIAL RESPONSE	Pre/On 同一病灶配对	按患者内配对结构处理，不当独立样本	是	是		
GSE91061	Pt4	主开发队列	2	GSM2420325|GSM2420326	Pt4_On_E9047643-7|Pt4_Pre_E9021023-6	On|Pre	SD	Riaz 2017 RECIST v1.1 BOR=SD（PMID 29033130；PRCR=CR+PR 合并）	prior_ici=ipilimumab_naive|pop_categ=NaiveOn|NaivePre|OS_days=633|IBOR=STABLE DISEASE	Pre/On 同一病灶配对	按患者内配对结构处理，不当独立样本	否	是	SD 不进主分析（主终点为 PRCR vs PD），单列做敏感性分析	
GSE91061	Pt5	主开发队列	2	GSM2420328|GSM2420329	Pt5_On_E9047635-6|Pt5_Pre_E9021022-6	On|Pre	PD	Riaz 2017 RECIST v1.1 BOR=PD（PMID 29033130；PRCR=CR+PR 合并）	prior_ici=ipilimumab_naive|pop_categ=NaiveOn|NaivePre|OS_days=222|IBOR=PROGRESSION	Pre/On 同一病灶配对	按患者内配对结构处理，不当独立样本	是	是		
GSE91061	Pt8	主开发队列	2	GSM2420360|GSM2420361	Pt8_Pre_AD153354-6|Pt8_On_AD167380-7	Pre|On	PD	Riaz 2017 RECIST v1.1 BOR=PD（PMID 29033130；PRCR=CR+PR 合并）	prior_ici=ipilimumab_naive|pop_categ=NaiveOn|NaivePre|OS_days=259|IBOR=PROGRESSION	Pre/On 同一病灶配对	按患者内配对结构处理，不当独立样本	是	是		
GSE91061	Pt9	主开发队列	2	GSM2420331|GSM2420332	Pt9_Pre_E9021024-6|Pt9_On_E9047644-7	Pre|On	PD	Riaz 2017 RECIST v1.1 BOR=PD（PMID 29033130；PRCR=CR+PR 合并）	prior_ici=ipilimumab_naive|pop_categ=NaiveOn|NaivePre|OS_days=92|IBOR=PROGRESSION	Pre/On 同一病灶配对	按患者内配对结构处理，不当独立样本	是	是		
GSE91061	Pt10	主开发队列	2	GSM2420333|GSM2420334	Pt10_Pre_E9047565-6|Pt10_On_E9047632-6	Pre|On	SD	Riaz 2017 RECIST v1.1 BOR=SD（PMID 29033130；PRCR=CR+PR 合并）	prior_ici=ipilimumab_naive|pop_categ=NaiveOn|NaivePre|OS_days=256|IBOR=STABLE DISEASE	Pre/On 同一病灶配对	按患者内配对结构处理，不当独立样本	否	是	SD 不进主分析（主终点为 PRCR vs PD），单列做敏感性分析	
GSE91061	Pt11	主开发队列	2	GSM2420362|GSM2420363	Pt11_Pre_AD153352-6|Pt11_On_AD314068-6	Pre|On	PD	Riaz 2017 RECIST v1.1 BOR=PD（PMID 29033130；PRCR=CR+PR 合并）	prior_ici=ipilimumab_naive|pop_categ=NaiveOn|NaivePre|OS_days=837|IBOR=PROGRESSION	Pre/On 同一病灶配对	按患者内配对结构处理，不当独立样本	是	是		
GSE91061	Pt13	主开发队列	1	GSM2420364	Pt13_On_AD314067-6	On	PD	Riaz 2017 RECIST v1.1 BOR=PD（PMID 29033130；PRCR=CR+PR 合并）	prior_ici=ipilimumab_naive|pop_categ=NaiveOn|OS_days=280|IBOR=PROGRESSION			是	是		
GSE91061	Pt16	主开发队列	1	GSM2420365	Pt16_On_AD167378-6	On	NE	Riaz 2017 RECIST v1.1 BOR=NE（PMID 29033130；PRCR=CR+PR 合并）	prior_ici=ipilimumab_progressive|pop_categ=ProgOn|OS_days=|IBOR=			否	否	RECIST NE（疗效不可评估），主分析与敏感性分析均无法归类	
GSE91061	Pt17	主开发队列	2	GSM2420335|GSM2420336	Pt17_On_E9261162-5|Pt17_Pre_E9047563-6	On|Pre	PD	Riaz 2017 RECIST v1.1 BOR=PD（PMID 29033130；PRCR=CR+PR 合并）	prior_ici=ipilimumab_progressive|pop_categ=ProgOn|ProgPre|OS_days=57|IBOR=PROGRESSION	Pre/On 同一病灶配对	按患者内配对结构处理，不当独立样本	是	是		
GSE91061	Pt18	主开发队列	2	GSM2420337|GSM2420338	Pt18_Pre_E9024732-6|Pt18_On_E9261163-5	Pre|On	PRCR	Riaz 2017 RECIST v1.1 BOR=PR（PMID 29033130；PRCR=CR+PR 合并）	prior_ici=ipilimumab_naive|pop_categ=NaiveOn|NaivePre|OS_days=1073|IBOR=NA	Pre/On 同一病灶配对	按患者内配对结构处理，不当独立样本	是	是		
GSE91061	Pt23	主开发队列	2	GSM2420263|GSM2420264	Pt23_On_AD486568-8|Pt23_Pre_AD313075-5	On|Pre	NE	Riaz 2017 RECIST v1.1 BOR=NE（PMID 29033130；PRCR=CR+PR 合并）	prior_ici=ipilimumab_naive|pop_categ=NaiveOn|NaivePre|OS_days=52|IBOR=DEATH PRIOR TO DISEASE ASSESSMENT	Pre/On 同一病灶配对	按患者内配对结构处理，不当独立样本	否	否	RECIST NE（疗效不可评估），主分析与敏感性分析均无法归类	
GSE91061	Pt24	主开发队列	1	GSM2420352	Pt24_Pre_AD436687-5	Pre	PD	Riaz 2017 RECIST v1.1 BOR=PD（PMID 29033130；PRCR=CR+PR 合并）	prior_ici=ipilimumab_naive|pop_categ=NaivePre|OS_days=149|IBOR=PROGRESSION			是	是		
GSE91061	Pt26	主开发队列	2	GSM2420366|GSM2420367	Pt26_Pre_AD467789-6|Pt26_On_AD467915-5	Pre|On	SD	Riaz 2017 RECIST v1.1 BOR=SD（PMID 29033130；PRCR=CR+PR 合并）	prior_ici=ipilimumab_progressive|pop_categ=ProgOn|ProgPre|OS_days=952|IBOR=PROGRESSION	Pre/On 同一病灶配对	按患者内配对结构处理，不当独立样本	否	是	SD 不进主分析（主终点为 PRCR vs PD），单列做敏感性分析	⚠ 标签来源冲突：样本表 BOR=SD vs 临床表 IBOR=PROGRESSION；主分析采用 BOR（与 GEO response 对账），敏感性分析改用 IBOR 复核
GSE91061	Pt27	主开发队列	2	GSM2420353|GSM2420354	Pt27_On_AD467934-5|Pt27_Pre_AD453873-5	On|Pre	PD	Riaz 2017 RECIST v1.1 BOR=PD（PMID 29033130；PRCR=CR+PR 合并）	prior_ici=ipilimumab_naive|pop_categ=NaiveOn|NaivePre|OS_days=475|IBOR=PROGRESSION	Pre/On 同一病灶配对	按患者内配对结构处理，不当独立样本	是	是		
GSE91061	Pt28	主开发队列	2	GSM2420368|GSM2420369	Pt28_Pre_AD297619-6|Pt28_On_AD167375-7	Pre|On	PD	Riaz 2017 RECIST v1.1 BOR=PD（PMID 29033130；PRCR=CR+PR 合并）	prior_ici=ipilimumab_naive|pop_categ=NaiveOn|NaivePre|OS_days=740|IBOR=PROGRESSION	Pre/On 同一病灶配对	按患者内配对结构处理，不当独立样本	是	是		
GSE91061	Pt29	主开发队列	1	GSM2420355	Pt29_Pre_AD497504-5	Pre	PD	Riaz 2017 RECIST v1.1 BOR=PD（PMID 29033130；PRCR=CR+PR 合并）	prior_ici=ipilimumab_naive|pop_categ=NaivePre|OS_days=273|IBOR=PROGRESSION			是	是		
GSE91061	Pt30	主开发队列	2	GSM2420356|GSM2420357	Pt30_On_AD505620-6|Pt30_Pre_AD497503-5	On|Pre	PRCR	Riaz 2017 RECIST v1.1 BOR=CR（PMID 29033130；PRCR=CR+PR 合并）	prior_ici=ipilimumab_naive|pop_categ=NaiveOn|NaivePre|OS_days=1053|IBOR=PARTIAL RESPONSE	Pre/On 同一病灶配对	按患者内配对结构处理，不当独立样本	是	是		
GSE91061	Pt31	主开发队列	2	GSM2420358|GSM2420359	Pt31_On_AD467932-6|Pt31_Pre_AD453872-5	On|Pre	PD	Riaz 2017 RECIST v1.1 BOR=PD（PMID 29033130；PRCR=CR+PR 合并）	prior_ici=ipilimumab_naive|pop_categ=NaiveOn|NaivePre|OS_days=961|IBOR=PROGRESSION	Pre/On 同一病灶配对	按患者内配对结构处理，不当独立样本	是	是		
GSE91061	Pt32	主开发队列	1	GSM2420339	Pt32_On_E9414883-5	On	PD	Riaz 2017 RECIST v1.1 BOR=PD（PMID 29033130；PRCR=CR+PR 合并）	prior_ici=ipilimumab_progressive|pop_categ=ProgOn|OS_days=114|IBOR=PROGRESSION			是	是		
GSE91061	Pt34	主开发队列	2	GSM2420374|GSM2420375	Pt34_On_AD485757-6|Pt34_Pre_AD466985-6	On|Pre	PRCR	Riaz 2017 RECIST v1.1 BOR=PR（PMID 29033130；PRCR=CR+PR 合并）	prior_ici=ipilimumab_progressive|pop_categ=ProgOn|ProgPre|OS_days=834|IBOR=NA	Pre/On 同一病灶配对	按患者内配对结构处理，不当独立样本	是	是		
GSE91061	Pt35	主开发队列	1	GSM2420376	Pt35_On_AD485758-6	On	PRCR	Riaz 2017 RECIST v1.1 BOR=PR（PMID 29033130；PRCR=CR+PR 合并）	prior_ici=ipilimumab_naive|pop_categ=NaiveOn|OS_days=|IBOR=			是	是		
GSE91061	Pt36	主开发队列	2	GSM2420344|GSM2420345	Pt36_Pre_AD467095-6|Pt36_On_AD495182-6	Pre|On	SD	Riaz 2017 RECIST v1.1 BOR=SD（PMID 29033130；PRCR=CR+PR 合并）	prior_ici=ipilimumab_progressive|pop_categ=ProgOn|ProgPre|OS_days=1081|IBOR=NA	Pre/On 同一病灶配对	按患者内配对结构处理，不当独立样本	否	是	SD 不进主分析（主终点为 PRCR vs PD），单列做敏感性分析	
GSE91061	Pt37	主开发队列	2	GSM2420346|GSM2420349	Pt37_Pre_AD502452-5|Pt37_On_AD495183-5	Pre|On	SD	Riaz 2017 RECIST v1.1 BOR=SD（PMID 29033130；PRCR=CR+PR 合并）	prior_ici=ipilimumab_progressive|pop_categ=ProgOn|ProgPre|OS_days=646|IBOR=STABLE DISEASE	Pre/On 同一病灶配对	按患者内配对结构处理，不当独立样本	否	是	SD 不进主分析（主终点为 PRCR vs PD），单列做敏感性分析	
GSE91061	Pt38	主开发队列	2	GSM2420340|GSM2420341	Pt38_On_E9414881-5|Pt38_Pre_E9200719-6	On|Pre	SD	Riaz 2017 RECIST v1.1 BOR=SD（PMID 29033130；PRCR=CR+PR 合并）	prior_ici=ipilimumab_progressive|pop_categ=ProgOn|ProgPre|OS_days=167|IBOR=PROGRESSION	Pre/On 同一病灶配对	按患者内配对结构处理，不当独立样本	否	是	SD 不进主分析（主终点为 PRCR vs PD），单列做敏感性分析	⚠ 标签来源冲突：样本表 BOR=SD vs 临床表 IBOR=PROGRESSION；主分析采用 BOR（与 GEO response 对账），敏感性分析改用 IBOR 复核
GSE91061	Pt39	主开发队列	1	GSM2420265	Pt39_Pre_AD485899-5	Pre	PD	Riaz 2017 RECIST v1.1 BOR=PD（PMID 29033130；PRCR=CR+PR 合并）	prior_ici=ipilimumab_progressive|pop_categ=ProgPre|OS_days=166|IBOR=PROGRESSION			是	是		
GSE91061	Pt44	主开发队列	2	GSM2420370|GSM2420371	Pt44_Pre_AD467790-6|Pt44_On_AD167376-6	Pre|On	PRCR	Riaz 2017 RECIST v1.1 BOR=PR（PMID 29033130；PRCR=CR+PR 合并）	prior_ici=ipilimumab_naive|pop_categ=NaiveOn|NaivePre|OS_days=1093|IBOR=PARTIAL RESPONSE	Pre/On 同一病灶配对	按患者内配对结构处理，不当独立样本	是	是		
GSE91061	Pt46	主开发队列	2	GSM2420350|GSM2420351	Pt46_Pre_AD467096-6|Pt46_On_AD781834-6	Pre|On	PD	Riaz 2017 RECIST v1.1 BOR=PD（PMID 29033130；PRCR=CR+PR 合并）	prior_ici=ipilimumab_progressive|pop_categ=ProgOn|ProgPre|OS_days=227|IBOR=PROGRESSION	Pre/On 同一病灶配对	按患者内配对结构处理，不当独立样本	是	是		
GSE91061	Pt47	主开发队列	2	GSM2420282|GSM2420283	Pt47_Pre_AD506073-6|Pt47_On_AD530367-6	Pre|On	PD	Riaz 2017 RECIST v1.1 BOR=PD（PMID 29033130；PRCR=CR+PR 合并）	prior_ici=ipilimumab_progressive|pop_categ=ProgOn|ProgPre|OS_days=718|IBOR=PROGRESSION	Pre/On 同一病灶配对	按患者内配对结构处理，不当独立样本	是	是		
GSE91061	Pt48	主开发队列	2	GSM2420342|GSM2420343	Pt48_On_E9047631-6|Pt48_Pre_E9047561-7	On|Pre	PRCR	Riaz 2017 RECIST v1.1 BOR=CR（PMID 29033130；PRCR=CR+PR 合并）	prior_ici=ipilimumab_progressive|pop_categ=ProgOn|ProgPre|OS_days=1046|IBOR=NA	Pre/On 同一病灶配对	按患者内配对结构处理，不当独立样本	是	是		
GSE91061	Pt49	主开发队列	2	GSM2420270|GSM2420271	Pt49_Pre_AD667851-6|Pt49_On_AD681976-5	Pre|On	PRCR	Riaz 2017 RECIST v1.1 BOR=PR（PMID 29033130；PRCR=CR+PR 合并）	prior_ici=ipilimumab_progressive|pop_categ=ProgOn|ProgPre|OS_days=827|IBOR=PARTIAL RESPONSE	Pre/On 同一病灶配对	按患者内配对结构处理，不当独立样本	是	是		
GSE91061	Pt52	主开发队列	2	GSM2420284|GSM2420285	Pt52_On_AD530365-6|Pt52_Pre_AD506075-6	On|Pre	PD	Riaz 2017 RECIST v1.1 BOR=PD（PMID 29033130；PRCR=CR+PR 合并）	prior_ici=ipilimumab_progressive|pop_categ=ProgOn|ProgPre|OS_days=476|IBOR=PROGRESSION	Pre/On 同一病灶配对	按患者内配对结构处理，不当独立样本	是	是		
GSE91061	Pt58	主开发队列	1	GSM2420266	Pt58_On_AE045812-10	On	SD	Riaz 2017 RECIST v1.1 BOR=SD（PMID 29033130；PRCR=CR+PR 合并）	prior_ici=ipilimumab_progressive|pop_categ=ProgOn|OS_days=499|IBOR=STABLE DISEASE			否	是	SD 不进主分析（主终点为 PRCR vs PD），单列做敏感性分析	
GSE91061	Pt59	主开发队列	1	GSM2420267	Pt59_Pre_AD823915-5	Pre	SD	Riaz 2017 RECIST v1.1 BOR=SD（PMID 29033130；PRCR=CR+PR 合并）	prior_ici=ipilimumab_naive|pop_categ=NaivePre|OS_days=708|IBOR=STABLE DISEASE			否	是	SD 不进主分析（主终点为 PRCR vs PD），单列做敏感性分析	
GSE91061	Pt62	主开发队列	2	GSM2420301|GSM2420302	Pt62_On_AD635728-5|Pt62_Pre_AD608303-5	On|Pre	PD	Riaz 2017 RECIST v1.1 BOR=PD（PMID 29033130；PRCR=CR+PR 合并）	prior_ici=ipilimumab_naive|pop_categ=NaiveOn|NaivePre|OS_days=472|IBOR=PROGRESSION	Pre/On 同一病灶配对	按患者内配对结构处理，不当独立样本	是	是		
GSE91061	Pt65	主开发队列	2	GSM2420303|GSM2420304	Pt65_Pre_AD793919-6|Pt65_On_AD796996-5	Pre|On	SD	Riaz 2017 RECIST v1.1 BOR=SD（PMID 29033130；PRCR=CR+PR 合并）	prior_ici=ipilimumab_progressive|pop_categ=ProgOn|ProgPre|OS_days=692|IBOR=STABLE DISEASE	Pre/On 同一病灶配对	按患者内配对结构处理，不当独立样本	否	是	SD 不进主分析（主终点为 PRCR vs PD），单列做敏感性分析	
GSE91061	Pt66	主开发队列	1	GSM2420272	Pt66_Pre_AD667850-6	Pre	PD	Riaz 2017 RECIST v1.1 BOR=PD（PMID 29033130；PRCR=CR+PR 合并）	prior_ici=ipilimumab_naive|pop_categ=NaivePre|OS_days=542|IBOR=PROGRESSION			是	是		
GSE91061	Pt67	主开发队列	2	GSM2420286|GSM2420287	Pt67_Pre_AD506074-6|Pt67_On_AD530366-6	Pre|On	SD	Riaz 2017 RECIST v1.1 BOR=SD（PMID 29033130；PRCR=CR+PR 合并）	prior_ici=ipilimumab_progressive|pop_categ=ProgOn|ProgPre|OS_days=1032|IBOR=STABLE DISEASE	Pre/On 同一病灶配对	按患者内配对结构处理，不当独立样本	否	是	SD 不进主分析（主终点为 PRCR vs PD），单列做敏感性分析	
GSE91061	Pt68	主开发队列	1	GSM2420305	Pt68_On_AD635729-6	On	PRCR	⚠ 作者样本表未收录该样本，标签由临床表 IBOR=COMPLETE RESPONSE 回填（PMID 29033130；PRCR=CR+PR 合并）	prior_ici=NA|pop_categ=NA|OS_days=842|IBOR=COMPLETE RESPONSE	仅有 1 个样本且未收录于作者样本表	标签为单一来源回填，须在敏感性分析中剔除复核	是	是		管号冲突样本（作者表把同一管号登记给 Pt7_Pre），标签来源单一
GSE91061	Pt69	主开发队列	1	GSM2420306	Pt69_On_AD635730-6	On	PRCR	Riaz 2017 RECIST v1.1 BOR=CR（PMID 29033130；PRCR=CR+PR 合并）	prior_ici=ipilimumab_progressive|pop_categ=ProgOn|OS_days=|IBOR=			是	是		
GSE91061	Pt72	主开发队列	1	GSM2420307	Pt72_Pre_AD793922-5	Pre	PRCR	Riaz 2017 RECIST v1.1 BOR=PR（PMID 29033130；PRCR=CR+PR 合并）	prior_ici=ipilimumab_naive|pop_categ=NaivePre|OS_days=770|IBOR=PARTIAL RESPONSE			是	是		
GSE91061	Pt76	主开发队列	1	GSM2420273	Pt76_Pre_AD667852-6	Pre	NE	Riaz 2017 RECIST v1.1 BOR=NE（PMID 29033130；PRCR=CR+PR 合并）	prior_ici=ipilimumab_naive|pop_categ=NaivePre|OS_days=10|IBOR=DEATH PRIOR TO DISEASE ASSESSMENT			否	否	RECIST NE（疗效不可评估），主分析与敏感性分析均无法归类	
GSE91061	Pt77	主开发队列	2	GSM2420292|GSM2420293	Pt77_Pre_AD733591-7|Pt77_On_AD733629-8	Pre|On	SD	Riaz 2017 RECIST v1.1 BOR=SD（PMID 29033130；PRCR=CR+PR 合并）	prior_ici=ipilimumab_naive|pop_categ=NaiveOn|NaivePre|OS_days=471|IBOR=STABLE DISEASE	Pre/On 同一病灶配对	按患者内配对结构处理，不当独立样本	否	是	SD 不进主分析（主终点为 PRCR vs PD），单列做敏感性分析	
GSE91061	Pt78	主开发队列	2	GSM2420308|GSM2420310	Pt78_On_AE148748-6|Pt78_Pre_AD467018-5	On|Pre	PD	Riaz 2017 RECIST v1.1 BOR=PD（PMID 29033130；PRCR=CR+PR 合并）	prior_ici=ipilimumab_progressive|pop_categ=ProgOn|ProgPre|OS_days=78|IBOR=PROGRESSION	Pre/On 同一病灶配对	按患者内配对结构处理，不当独立样本	是	是		
GSE91061	Pt79	主开发队列	2	GSM2420294|GSM2420295	Pt79_On_AD733628-6|Pt79_Pre_AD733587-5	On|Pre	SD	Riaz 2017 RECIST v1.1 BOR=SD（PMID 29033130；PRCR=CR+PR 合并）	prior_ici=ipilimumab_progressive|pop_categ=ProgOn|ProgPre|OS_days=218|IBOR=STABLE DISEASE	Pre/On 同一病灶配对	按患者内配对结构处理，不当独立样本	否	是	SD 不进主分析（主终点为 PRCR vs PD），单列做敏感性分析	
GSE91061	Pt80	主开发队列	1	GSM2420311	Pt80_On_AD467874-5	On	PD	Riaz 2017 RECIST v1.1 BOR=PD（PMID 29033130；PRCR=CR+PR 合并）	prior_ici=ipilimumab_progressive|pop_categ=ProgOn|OS_days=|IBOR=			是	是		
GSE91061	Pt81	主开发队列	1	GSM2420274	Pt81_On_AD681973-5	On	PD	Riaz 2017 RECIST v1.1 BOR=PD（PMID 29033130；PRCR=CR+PR 合并）	prior_ici=ipilimumab_naive|pop_categ=NaiveOn|OS_days=|IBOR=			是	是		
GSE91061	Pt82	主开发队列	2	GSM2420268|GSM2420269	Pt82_Pre_AD823914-8|Pt82_On_AD125218-6	Pre|On	SD	Riaz 2017 RECIST v1.1 BOR=SD（PMID 29033130；PRCR=CR+PR 合并）	prior_ici=ipilimumab_progressive|pop_categ=ProgOn|ProgPre|OS_days=429|IBOR=STABLE DISEASE	Pre/On 同一病灶配对	按患者内配对结构处理，不当独立样本	否	是	SD 不进主分析（主终点为 PRCR vs PD），单列做敏感性分析	
GSE91061	Pt84	主开发队列	2	GSM2420296|GSM2420297	Pt84_Pre_AD486532-5|Pt84_On_AD495199-6	Pre|On	PD	Riaz 2017 RECIST v1.1 BOR=PD（PMID 29033130；PRCR=CR+PR 合并）	prior_ici=ipilimumab_naive|pop_categ=NaiveOn|NaivePre|OS_days=151|IBOR=PROGRESSION	Pre/On 同一病灶配对	按患者内配对结构处理，不当独立样本	是	是		
GSE91061	Pt85	主开发队列	2	GSM2420275|GSM2420276	Pt85_Pre_AD486329-5|Pt85_On_AE070989-10	Pre|On	PD	Riaz 2017 RECIST v1.1 BOR=PD（PMID 29033130；PRCR=CR+PR 合并）	prior_ici=ipilimumab_progressive|pop_categ=ProgOn|ProgPre|OS_days=904|IBOR=PROGRESSION	Pre/On 同一病灶配对	按患者内配对结构处理，不当独立样本	是	是		
GSE91061	Pt87	主开发队列	1	GSM2420298	Pt87_On_AD495198-6	On	SD	Riaz 2017 RECIST v1.1 BOR=SD（PMID 29033130；PRCR=CR+PR 合并）	prior_ici=ipilimumab_naive|pop_categ=NaiveOn|OS_days=974|IBOR=PARTIAL RESPONSE			否	是	SD 不进主分析（主终点为 PRCR vs PD），单列做敏感性分析	⚠ 标签来源冲突：样本表 BOR=SD vs 临床表 IBOR=PARTIAL RESPONSE；主分析采用 BOR（与 GEO response 对账），敏感性分析改用 IBOR 复核
GSE91061	Pt89	主开发队列	2	GSM2420277|GSM2420278	Pt89_Pre_AE070951-5|Pt89_On_AE070987-5	Pre|On	SD	Riaz 2017 RECIST v1.1 BOR=SD（PMID 29033130；PRCR=CR+PR 合并）	prior_ici=ipilimumab_naive|pop_categ=NaiveOn|NaivePre|OS_days=844|IBOR=STABLE DISEASE	Pre/On 同一病灶配对	按患者内配对结构处理，不当独立样本	否	是	SD 不进主分析（主终点为 PRCR vs PD），单列做敏感性分析	
GSE91061	Pt90	主开发队列	1	GSM2420312	Pt90_Pre_AD467873-6	Pre	PD	Riaz 2017 RECIST v1.1 BOR=PD（PMID 29033130；PRCR=CR+PR 合并）	prior_ici=ipilimumab_progressive|pop_categ=ProgPre|OS_days=174|IBOR=PROGRESSION			是	是		
GSE91061	Pt92	主开发队列	2	GSM2420313|GSM2420316	Pt92_Pre_AE134060-5|Pt92_On_AE148750-5	Pre|On	SD	Riaz 2017 RECIST v1.1 BOR=SD（PMID 29033130；PRCR=CR+PR 合并）	prior_ici=ipilimumab_progressive|pop_categ=ProgOn|ProgPre|OS_days=333|IBOR=STABLE DISEASE	Pre/On 同一病灶配对	按患者内配对结构处理，不当独立样本	否	是	SD 不进主分析（主终点为 PRCR vs PD），单列做敏感性分析	
GSE91061	Pt93	主开发队列	1	GSM2420279	Pt93_On_AE070988-5	On	PD	Riaz 2017 RECIST v1.1 BOR=PD（PMID 29033130；PRCR=CR+PR 合并）	prior_ici=ipilimumab_progressive|pop_categ=ProgOn|OS_days=849|IBOR=PROGRESSION			是	是		
GSE91061	Pt94	主开发队列	2	GSM2420288|GSM2420289	Pt94_On_AE373242-6|Pt94_Pre_AD732850-6	On|Pre	PRCR	Riaz 2017 RECIST v1.1 BOR=CR（PMID 29033130；PRCR=CR+PR 合并）	prior_ici=ipilimumab_naive|pop_categ=NaiveOn|NaivePre|OS_days=981|IBOR=COMPLETE RESPONSE	Pre/On 同一病灶配对	按患者内配对结构处理，不当独立样本	是	是		
GSE91061	Pt98	主开发队列	2	GSM2420299|GSM2420300	Pt98_Pre_AD733586-8|Pt98_On_AE086717-6	Pre|On	SD	Riaz 2017 RECIST v1.1 BOR=SD（PMID 29033130；PRCR=CR+PR 合并）	prior_ici=ipilimumab_progressive|pop_categ=ProgOn|ProgPre|OS_days=747|IBOR=STABLE DISEASE	Pre/On 同一病灶配对	按患者内配对结构处理，不当独立样本	否	是	SD 不进主分析（主终点为 PRCR vs PD），单列做敏感性分析	
GSE91061	Pt101	主开发队列	2	GSM2420280|GSM2420281	Pt101_Pre_AD486328-5|Pt101_On_AD681975-5	Pre|On	PRCR	Riaz 2017 RECIST v1.1 BOR=PR（PMID 29033130；PRCR=CR+PR 合并）	prior_ici=ipilimumab_progressive|pop_categ=ProgOn|ProgPre|OS_days=834|IBOR=PARTIAL RESPONSE	Pre/On 同一病灶配对	按患者内配对结构处理，不当独立样本	是	是		
GSE91061	Pt103	主开发队列	2	GSM2420317|GSM2420318	Pt103_On_AE134059-6|Pt103_Pre_AE134058-2	On|Pre	PD	Riaz 2017 RECIST v1.1 BOR=PD（PMID 29033130；PRCR=CR+PR 合并）	prior_ici=ipilimumab_progressive|pop_categ=ProgOn|ProgPre|OS_days=484|IBOR=PROGRESSION	Pre/On 同一病灶配对	按患者内配对结构处理，不当独立样本	是	是		
GSE91061	Pt105	主开发队列	1	GSM2420290	Pt105_On_AE373241-6	On	PRCR	Riaz 2017 RECIST v1.1 BOR=PR（PMID 29033130；PRCR=CR+PR 合并）	prior_ici=ipilimumab_progressive|pop_categ=ProgOn|OS_days=|IBOR=			是	是		
GSE91061	Pt106	主开发队列	2	GSM2420372|GSM2420373	Pt106_Pre_AD502250-5|Pt106_On_AD513626-6	Pre|On	PD	Riaz 2017 RECIST v1.1 BOR=PD（PMID 29033130；PRCR=CR+PR 合并）	prior_ici=ipilimumab_progressive|pop_categ=ProgOn|ProgPre|OS_days=91|IBOR=PROGRESSION	Pre/On 同一病灶配对	按患者内配对结构处理，不当独立样本	是	是		
GSE91061	Pt108	主开发队列	1	GSM2420291	Pt108_On_AE373243-6	On	SD	Riaz 2017 RECIST v1.1 BOR=SD（PMID 29033130；PRCR=CR+PR 合并）	prior_ici=ipilimumab_progressive|pop_categ=ProgOn|OS_days=913|IBOR=STABLE DISEASE			否	是	SD 不进主分析（主终点为 PRCR vs PD），单列做敏感性分析	
GSE91061	Pt109	主开发队列	2	GSM2420319|GSM2420320	Pt109_On_AE527955-6|Pt109_On_AE527955-5	On|On	PD	Riaz 2017 RECIST v1.1 BOR=PD（PMID 29033130；PRCR=CR+PR 合并）	prior_ici=NA|ipilimumab_progressive|pop_categ=NA|ProgOn|OS_days=|IBOR=	同一活检两个分装样本	合并或择一（默认保留 -5）；不得当两个独立样本	是	是		作者样本表未收录 -6，以 GEO 标题为准
GSE78220	Pt1	独立外部验证队列	1	GSM2069823	Pt1	pre-treatment	Progressive Disease	Hugo 2016 Cell（PMID 26997480）RECIST best overall response；GEO anti-pd-1 response 字段	site=UCLA|biopsy_time=pre-treatment|location=L post. Thigh, inf., SC|OS_days=607|vital=Dead|braf=WT/NA|lib=unstranded			是	是		
GSE78220	Pt2	独立外部验证队列	1	GSM2069824	Pt2	pre-treatment	Partial Response	Hugo 2016 Cell（PMID 26997480）RECIST best overall response；GEO anti-pd-1 response 字段	site=UCLA|biopsy_time=pre-treatment|location=Lung|OS_days=927|vital=Alive|braf=WT/NA|lib=unstranded			是	是		
GSE78220	Pt4	独立外部验证队列	1	GSM2069825	Pt4	pre-treatment	Partial Response	Hugo 2016 Cell（PMID 26997480）RECIST best overall response；GEO anti-pd-1 response 字段	site=UCLA|biopsy_time=pre-treatment|location=Adrenal|OS_days=948|vital=Alive|braf=L331F|lib=unstranded			是	是		
GSE78220	Pt5	独立外部验证队列	1	GSM2069826	Pt5	pre-treatment	Partial Response	Hugo 2016 Cell（PMID 26997480）RECIST best overall response；GEO anti-pd-1 response 字段	site=UCLA|biopsy_time=pre-treatment|location=L Chestwall, SC|OS_days=439|vital=Alive|braf=V600E|lib=unstranded			是	是		
GSE78220	Pt6	独立外部验证队列	1	GSM2069827	Pt6	pre-treatment	Partial Response	Hugo 2016 Cell（PMID 26997480）RECIST best overall response；GEO anti-pd-1 response 字段	site=UCLA|biopsy_time=pre-treatment|location=L forearm, SC|OS_days=882|vital=Alive|braf=V600E|lib=unstranded			是	是		
GSE78220	Pt7	独立外部验证队列	1	GSM2069828	Pt7	pre-treatment	Progressive Disease	Hugo 2016 Cell（PMID 26997480）RECIST best overall response；GEO anti-pd-1 response 字段	site=UCLA|biopsy_time=pre-treatment|location=Crown/scalp, SC|OS_days=662|vital=Dead|braf=WT/NA|lib=unstranded			是	是		
GSE78220	Pt8	独立外部验证队列	1	GSM2069829	Pt8	pre-treatment	Complete Response	Hugo 2016 Cell（PMID 26997480）RECIST best overall response；GEO anti-pd-1 response 字段	site=UCLA|biopsy_time=pre-treatment|location=R leg, SC|OS_days=NA|vital=Alive|braf=V600R|lib=unstranded			是	是		
GSE78220	Pt9	独立外部验证队列	1	GSM2069830	Pt9	pre-treatment	Complete Response	Hugo 2016 Cell（PMID 26997480）RECIST best overall response；GEO anti-pd-1 response 字段	site=UCLA|biopsy_time=pre-treatment|location=L forearm, SC|OS_days=1054|vital=Alive|braf=V600K|lib=unstranded			是	是		
GSE78220	Pt10	独立外部验证队列	1	GSM2069831	Pt10	pre-treatment	Progressive Disease	Hugo 2016 Cell（PMID 26997480）RECIST best overall response；GEO anti-pd-1 response 字段	site=UCLA|biopsy_time=pre-treatment|location=Neck, SC|OS_days=387|vital=Alive|braf=WT/NA|lib=unstranded			是	是		
GSE78220	Pt12	独立外部验证队列	1	GSM2069832	Pt12	pre-treatment	Progressive Disease	Hugo 2016 Cell（PMID 26997480）RECIST best overall response；GEO anti-pd-1 response 字段	site=UCLA|biopsy_time=pre-treatment|location=L lower abdomen, SC|OS_days=327|vital=Dead|braf=V600E|lib=unstranded			是	是		
GSE78220	Pt13	独立外部验证队列	1	GSM2069833	Pt13	pre-treatment	Complete Response	Hugo 2016 Cell（PMID 26997480）RECIST best overall response；GEO anti-pd-1 response 字段	site=UCLA|biopsy_time=pre-treatment|location=Lower back, SC|OS_days=917|vital=Alive|braf=WT/NA|lib=unstranded			是	是		
GSE78220	Pt14	独立外部验证队列	1	GSM2069834	Pt14	pre-treatment	Progressive Disease	Hugo 2016 Cell（PMID 26997480）RECIST best overall response；GEO anti-pd-1 response 字段	site=UCLA|biopsy_time=pre-treatment|location=R neck, SC|OS_days=54|vital=Alive|braf=V600E|lib=unstranded			是	是		
GSE78220	Pt15	独立外部验证队列	1	GSM2069835	Pt15	pre-treatment	Partial Response	Hugo 2016 Cell（PMID 26997480）RECIST best overall response；GEO anti-pd-1 response 字段	site=UCLA|biopsy_time=pre-treatment|location=R clavicle, LN|OS_days=980|vital=Dead|braf=WT/NA|lib=unstranded			是	是		
GSE78220	Pt16	独立外部验证队列	1	GSM2069836	Pt16	on-treatment	Progressive Disease	Hugo 2016 Cell（PMID 26997480）RECIST best overall response；GEO anti-pd-1 response 字段	site=UCLA|biopsy_time=on-treatment|location=Lung|OS_days=186|vital=Dead|braf=V600E|lib=unstranded			否	是	仅 on-treatment 样本，非治疗前基线，与开发队列时点不一致	
GSE78220	Pt19	独立外部验证队列	1	GSM2069837	Pt19	pre-treatment	Partial Response	Hugo 2016 Cell（PMID 26997480）RECIST best overall response；GEO anti-pd-1 response 字段	site=UCLA|biopsy_time=pre-treatment|location=Chest, SC|OS_days=1060|vital=Alive|braf=WT/NA|lib=unstranded			是	是		
GSE78220	Pt20	独立外部验证队列	1	GSM2069838	Pt20	pre-treatment	Progressive Disease	Hugo 2016 Cell（PMID 26997480）RECIST best overall response；GEO anti-pd-1 response 字段	site=UCLA|biopsy_time=pre-treatment|location=L clavicle|OS_days=337|vital=Dead|braf=WT/NA|lib=unstranded			是	是		
GSE78220	Pt22	独立外部验证队列	1	GSM2069839	Pt22	pre-treatment	Progressive Disease	Hugo 2016 Cell（PMID 26997480）RECIST best overall response；GEO anti-pd-1 response 字段	site=UCLA|biopsy_time=pre-treatment|location=Left Flank, SC|OS_days=182|vital=Dead|braf=V600E|lib=unstranded			是	是		
GSE78220	Pt23	独立外部验证队列	1	GSM2069840	Pt23	pre-treatment	Progressive Disease	Hugo 2016 Cell（PMID 26997480）RECIST best overall response；GEO anti-pd-1 response 字段	site=UCLA|biopsy_time=pre-treatment|location=Left Leg, SC|OS_days=103|vital=Dead|braf=V600K|lib=unstranded			是	是		
GSE78220	Pt25	独立外部验证队列	1	GSM2069841	Pt25	pre-treatment	Progressive Disease	Hugo 2016 Cell（PMID 26997480）RECIST best overall response；GEO anti-pd-1 response 字段	site=UCLA|biopsy_time=pre-treatment|location=L Outer Inguinal|OS_days=262|vital=Dead|braf=WT/NA|lib=unstranded			是	是		
GSE78220	Pt27	独立外部验证队列	2	GSM2069842|GSM2069843	Pt27A|Pt27B	pre-treatment	Complete Response	Hugo 2016 Cell（PMID 26997480）RECIST best overall response；GEO anti-pd-1 response 字段	site=UCLA|biopsy_time=pre-treatment|location=R upper arm|R upper back|OS_days=548|vital=Alive|braf=WT/NA|lib=stranded	同患者治疗前两个不同解剖部位活检	患者内重复：group-aware 划分 + 仅取 Pt27A 的敏感性分析；不得平均或去重	是	是		论文原文：两灶 may not share the same transcriptomic profile
GSE78220	Pt28	独立外部验证队列	1	GSM2069844	Pt28	pre-treatment	Partial Response	Hugo 2016 Cell（PMID 26997480）RECIST best overall response；GEO anti-pd-1 response 字段	site=UCLA|biopsy_time=pre-treatment|location=Scalp, SC|OS_days=439|vital=Dead|braf=WT/NA|lib=unstranded			是	是		
GSE78220	Pt29	独立外部验证队列	1	GSM2069845	Pt29	pre-treatment	Progressive Disease	Hugo 2016 Cell（PMID 26997480）RECIST best overall response；GEO anti-pd-1 response 字段	site=UCLA|biopsy_time=pre-treatment|location=Lung|OS_days=269|vital=Dead|braf=WT/NA|lib=unstranded			是	是		
GSE78220	Pt31	独立外部验证队列	1	GSM2069846	Pt31	pre-treatment	Progressive Disease	Hugo 2016 Cell（PMID 26997480）RECIST best overall response；GEO anti-pd-1 response 字段	site=VIC|biopsy_time=pre-treatment|location=Sigmoid colon|OS_days=704|vital=Alive|braf=V600E|lib=stranded			是	是		
GSE78220	Pt32	独立外部验证队列	1	GSM2069847	Pt32	pre-treatment	Progressive Disease	Hugo 2016 Cell（PMID 26997480）RECIST best overall response；GEO anti-pd-1 response 字段	site=VIC|biopsy_time=pre-treatment|location=Abdominal wall|OS_days=171|vital=Dead|braf=V600E|lib=stranded			是	是		
GSE78220	Pt35	独立外部验证队列	1	GSM2069848	Pt35	pre-treatment	Partial Response	Hugo 2016 Cell（PMID 26997480）RECIST best overall response；GEO anti-pd-1 response 字段	site=VIC|biopsy_time=pre-treatment|location=Flank|OS_days=427|vital=Alive|braf=V600E|lib=stranded			是	是		
GSE78220	Pt37	独立外部验证队列	1	GSM2069849	Pt37	pre-treatment	Partial Response	Hugo 2016 Cell（PMID 26997480）RECIST best overall response；GEO anti-pd-1 response 字段	site=VIC|biopsy_time=pre-treatment|location=Small bowel|OS_days=364|vital=Alive|braf=K483T, D594N|lib=stranded			是	是		
GSE78220	Pt38	独立外部验证队列	1	GSM2069850	Pt38	pre-treatment	Partial Response	Hugo 2016 Cell（PMID 26997480）RECIST best overall response；GEO anti-pd-1 response 字段	site=VIC|biopsy_time=pre-treatment|location=Cervical, LN|OS_days=448|vital=Alive|braf=WT/NA|lib=stranded			是	是		
GSE244982	Pat5	耐药态刻画与方向一致性检验	1	GSM7833076	Pat5	post-progression	anti-CTLA4 resistant	Nat Commun 2024（PMID 38594286）临床进展后取样；非 RECIST 判定，影像学标准不可得	groups=anti-CTLA4 resistant|primary=skin|stage=M1a|gender=M|brafi=no_|prior_ctla4i=不可用（并集语义，与 treatment 共线）			是	是		本队列无应答样本，只能检验模型在进展样本上是否给出预期低分，不能验证区分能力
GSE244982	Pat6	耐药态刻画与方向一致性检验	1	GSM7833077	Pat6	post-progression	anti-CTLA4 resistant	Nat Commun 2024（PMID 38594286）临床进展后取样；非 RECIST 判定，影像学标准不可得	groups=anti-CTLA4 resistant|primary=unknown|stage=M1c|gender=F|brafi=no_|prior_ctla4i=不可用（并集语义，与 treatment 共线）			是	是		本队列无应答样本，只能检验模型在进展样本上是否给出预期低分，不能验证区分能力
GSE244982	Pat8	耐药态刻画与方向一致性检验	1	GSM7833078	Pat8	post-progression	anti-CTLA4 resistant	Nat Commun 2024（PMID 38594286）临床进展后取样；非 RECIST 判定，影像学标准不可得	groups=anti-CTLA4 resistant|primary=skin|stage=M1c|gender=M|brafi=no_|prior_ctla4i=不可用（并集语义，与 treatment 共线）			是	是		本队列无应答样本，只能检验模型在进展样本上是否给出预期低分，不能验证区分能力
GSE244982	Pat9	耐药态刻画与方向一致性检验	1	GSM7833079	Pat9	post-progression	anti-CTLA4 resistant	Nat Commun 2024（PMID 38594286）临床进展后取样；非 RECIST 判定，影像学标准不可得	groups=anti-CTLA4 resistant|primary=skin|stage=M1c|gender=M|brafi=no_|prior_ctla4i=不可用（并集语义，与 treatment 共线）			是	是		本队列无应答样本，只能检验模型在进展样本上是否给出预期低分，不能验证区分能力
GSE244982	Pat11	耐药态刻画与方向一致性检验	1	GSM7833080	Pat11	post-progression	anti-CTLA4 resistant	Nat Commun 2024（PMID 38594286）临床进展后取样；非 RECIST 判定，影像学标准不可得	groups=anti-CTLA4 resistant|primary=skin|stage=M1c|gender=F|brafi=no_|prior_ctla4i=不可用（并集语义，与 treatment 共线）			是	是		本队列无应答样本，只能检验模型在进展样本上是否给出预期低分，不能验证区分能力
GSE244982	Pat13	耐药态刻画与方向一致性检验	1	GSM7833081	Pat13	post-progression	anti-CTLA4 resistant	Nat Commun 2024（PMID 38594286）临床进展后取样；非 RECIST 判定，影像学标准不可得	groups=anti-CTLA4 resistant|primary=skin|stage=M1b|gender=M|brafi=no_|prior_ctla4i=不可用（并集语义，与 treatment 共线）			是	是		本队列无应答样本，只能检验模型在进展样本上是否给出预期低分，不能验证区分能力
GSE244982	Pat14	耐药态刻画与方向一致性检验	1	GSM7833082	Pat14	post-progression	anti-CTLA4 resistant	Nat Commun 2024（PMID 38594286）临床进展后取样；非 RECIST 判定，影像学标准不可得	groups=anti-CTLA4 resistant|primary=skin|stage=M1c|gender=M|brafi=no_|prior_ctla4i=不可用（并集语义，与 treatment 共线）			是	是		本队列无应答样本，只能检验模型在进展样本上是否给出预期低分，不能验证区分能力
GSE244982	Pat15	耐药态刻画与方向一致性检验	1	GSM7833083	Pat15	post-progression	anti-CTLA4 resistant	Nat Commun 2024（PMID 38594286）临床进展后取样；非 RECIST 判定，影像学标准不可得	groups=anti-CTLA4 resistant|primary=skin|stage=M1c|gender=F|brafi=no_|prior_ctla4i=不可用（并集语义，与 treatment 共线）			是	是		本队列无应答样本，只能检验模型在进展样本上是否给出预期低分，不能验证区分能力
GSE244982	Pat16	耐药态刻画与方向一致性检验	1	GSM7833084	Pat16	post-progression	anti-CTLA4 resistant	Nat Commun 2024（PMID 38594286）临床进展后取样；非 RECIST 判定，影像学标准不可得	groups=anti-CTLA4 resistant|primary=skin|stage=M1c|gender=F|brafi=yes_Before|prior_ctla4i=不可用（并集语义，与 treatment 共线）			是	是		本队列无应答样本，只能检验模型在进展样本上是否给出预期低分，不能验证区分能力
GSE244982	Pat17	耐药态刻画与方向一致性检验	1	GSM7833085	Pat17	post-progression	anti-CTLA4 resistant	Nat Commun 2024（PMID 38594286）临床进展后取样；非 RECIST 判定，影像学标准不可得	groups=mucosal|primary=mucosa|stage=M1c|gender=M|brafi=no_|prior_ctla4i=不可用（并集语义，与 treatment 共线）			否	是	原发黏膜黑色素瘤，原文已将其排除出统计	本队列无应答样本，只能检验模型在进展样本上是否给出预期低分，不能验证区分能力
GSE244982	Pat18	耐药态刻画与方向一致性检验	1	GSM7833086	Pat18	post-progression	anti-CTLA4 resistant	Nat Commun 2024（PMID 38594286）临床进展后取样；非 RECIST 判定，影像学标准不可得	groups=mucosal|primary=mucosa|stage=M1c|gender=F|brafi=no_|prior_ctla4i=不可用（并集语义，与 treatment 共线）			否	是	原发黏膜黑色素瘤，原文已将其排除出统计	本队列无应答样本，只能检验模型在进展样本上是否给出预期低分，不能验证区分能力
GSE244982	Pat19	耐药态刻画与方向一致性检验	1	GSM7833087	Pat19	post-progression	anti-CTLA4 resistant	Nat Commun 2024（PMID 38594286）临床进展后取样；非 RECIST 判定，影像学标准不可得	groups=anti-CTLA4 resistant|primary=skin|stage=M1c|gender=F|brafi=no_|prior_ctla4i=不可用（并集语义，与 treatment 共线）			是	是		本队列无应答样本，只能检验模型在进展样本上是否给出预期低分，不能验证区分能力
GSE244982	Pat20	耐药态刻画与方向一致性检验	1	GSM7833088	Pat20	post-progression	anti-CTLA4 resistant	Nat Commun 2024（PMID 38594286）临床进展后取样；非 RECIST 判定，影像学标准不可得	groups=anti-CTLA4 resistant|primary=skin|stage=M1c|gender=F|brafi=yes_Before|prior_ctla4i=不可用（并集语义，与 treatment 共线）			是	是		本队列无应答样本，只能检验模型在进展样本上是否给出预期低分，不能验证区分能力
GSE244982	Pat21	耐药态刻画与方向一致性检验	1	GSM7833089	Pat21	post-progression	anti-CTLA4 resistant	Nat Commun 2024（PMID 38594286）临床进展后取样；非 RECIST 判定，影像学标准不可得	groups=anti-CTLA4 resistant|primary=skin|stage=M1c|gender=F|brafi=no_|prior_ctla4i=不可用（并集语义，与 treatment 共线）			是	是		本队列无应答样本，只能检验模型在进展样本上是否给出预期低分，不能验证区分能力
GSE244982	Pat22	耐药态刻画与方向一致性检验	1	GSM7833090	Pat22	post-progression	anti-CTLA4 resistant	Nat Commun 2024（PMID 38594286）临床进展后取样；非 RECIST 判定，影像学标准不可得	groups=anti-CTLA4 resistant|primary=skin|stage=M1c|gender=M|brafi=no_|prior_ctla4i=不可用（并集语义，与 treatment 共线）			是	是		本队列无应答样本，只能检验模型在进展样本上是否给出预期低分，不能验证区分能力
GSE244982	Pat23	耐药态刻画与方向一致性检验	1	GSM7833091	Pat23	post-progression	anti-CTLA4 resistant	Nat Commun 2024（PMID 38594286）临床进展后取样；非 RECIST 判定，影像学标准不可得	groups=anti-CTLA4 resistant|primary=skin|stage=M1c|gender=F|brafi=no_|prior_ctla4i=不可用（并集语义，与 treatment 共线）			是	是		本队列无应答样本，只能检验模型在进展样本上是否给出预期低分，不能验证区分能力
GSE244982	Pat25	耐药态刻画与方向一致性检验	1	GSM7833092	Pat25	post-progression	anti-CTLA4 resistant	Nat Commun 2024（PMID 38594286）临床进展后取样；非 RECIST 判定，影像学标准不可得	groups=anti-CTLA4 resistant|primary=unknown|stage=M1c|gender=M|brafi=yes_Before|prior_ctla4i=不可用（并集语义，与 treatment 共线）			是	是		本队列无应答样本，只能检验模型在进展样本上是否给出预期低分，不能验证区分能力
GSE244982	Pat26	耐药态刻画与方向一致性检验	1	GSM7833093	Pat26	post-progression	anti-CTLA4 resistant	Nat Commun 2024（PMID 38594286）临床进展后取样；非 RECIST 判定，影像学标准不可得	groups=anti-CTLA4 resistant|primary=skin|stage=M1c|gender=F|brafi=no_|prior_ctla4i=不可用（并集语义，与 treatment 共线）			是	是		本队列无应答样本，只能检验模型在进展样本上是否给出预期低分，不能验证区分能力
GSE244982	Pat27	耐药态刻画与方向一致性检验	1	GSM7833094	Pat27	post-progression	anti-CTLA4 resistant	Nat Commun 2024（PMID 38594286）临床进展后取样；非 RECIST 判定，影像学标准不可得	groups=anti-CTLA4 resistant|primary=unknown|stage=M1c|gender=F|brafi=no_|prior_ctla4i=不可用（并集语义，与 treatment 共线）			是	是		本队列无应答样本，只能检验模型在进展样本上是否给出预期低分，不能验证区分能力
GSE244982	Pat28	耐药态刻画与方向一致性检验	1	GSM7833095	Pat28	post-progression	anti-PD1 resistant	Nat Commun 2024（PMID 38594286）临床进展后取样；非 RECIST 判定，影像学标准不可得	groups=anti-PD1 resistant, BRAFi day7|primary=skin|stage=M1c|gender=F|brafi=no_During, day 7（BRAFi 联合暴露，强混杂）|prior_ctla4i=不可用（并集语义，与 treatment 共线）			是	是		本队列无应答样本，只能检验模型在进展样本上是否给出预期低分，不能验证区分能力
GSE244982	Pat29	耐药态刻画与方向一致性检验	1	GSM7833096	Pat29	post-progression	anti-PD1 resistant	Nat Commun 2024（PMID 38594286）临床进展后取样；非 RECIST 判定，影像学标准不可得	groups=anti-PD1 resistant, BRAFi day7|primary=skin|stage=M1c|gender=M|brafi=no_During, day 7（BRAFi 联合暴露，强混杂）|prior_ctla4i=不可用（并集语义，与 treatment 共线）			是	是		本队列无应答样本，只能检验模型在进展样本上是否给出预期低分，不能验证区分能力
GSE244982	Pat30	耐药态刻画与方向一致性检验	1	GSM7833097	Pat30	post-progression	anti-PD1 resistant	Nat Commun 2024（PMID 38594286）临床进展后取样；非 RECIST 判定，影像学标准不可得	groups=anti-PD1 resistant, BRAFi day7|primary=unknown|stage=M1c|gender=M|brafi=no_During, day 7（BRAFi 联合暴露，强混杂）|prior_ctla4i=不可用（并集语义，与 treatment 共线）			是	是		本队列无应答样本，只能检验模型在进展样本上是否给出预期低分，不能验证区分能力
GSE244982	Pat31	耐药态刻画与方向一致性检验	1	GSM7833098	Pat31	post-progression	anti-CTLA4 resistant	Nat Commun 2024（PMID 38594286）临床进展后取样；非 RECIST 判定，影像学标准不可得	groups=NA|primary=skin|stage=M1c|gender=M|brafi=no_During, day 7（BRAFi 联合暴露，强混杂）|prior_ctla4i=不可用（并集语义，与 treatment 共线）			否	是	groups 字段漏填（Pat31）；该例为 CTLA4res + BRAFi day7	本队列无应答样本，只能检验模型在进展样本上是否给出预期低分，不能验证区分能力
GSE244982	Pat32	耐药态刻画与方向一致性检验	1	GSM7833099	Pat32	post-progression	anti-PD1 resistant	Nat Commun 2024（PMID 38594286）临床进展后取样；非 RECIST 判定，影像学标准不可得	groups=anti-PD1 resistant|primary=skin|stage=M1c|gender=M|brafi=no_|prior_ctla4i=不可用（并集语义，与 treatment 共线）			是	是		本队列无应答样本，只能检验模型在进展样本上是否给出预期低分，不能验证区分能力
GSE244982	Pat33	耐药态刻画与方向一致性检验	1	GSM7833100	Pat33	post-progression	anti-PD1 resistant	Nat Commun 2024（PMID 38594286）临床进展后取样；非 RECIST 判定，影像学标准不可得	groups=anti-PD1 resistant|primary=unknown|stage=M1c|gender=F|brafi=no_|prior_ctla4i=不可用（并集语义，与 treatment 共线）			是	是		本队列无应答样本，只能检验模型在进展样本上是否给出预期低分，不能验证区分能力
GSE244982	Pat34	耐药态刻画与方向一致性检验	1	GSM7833101	Pat34	post-progression	anti-PD1 resistant	Nat Commun 2024（PMID 38594286）临床进展后取样；非 RECIST 判定，影像学标准不可得	groups=anti-PD1 resistant|primary=skin|stage=M1c|gender=M|brafi=yes_Before|prior_ctla4i=不可用（并集语义，与 treatment 共线）			是	是		本队列无应答样本，只能检验模型在进展样本上是否给出预期低分，不能验证区分能力
GSE244982	Pat35	耐药态刻画与方向一致性检验	1	GSM7833102	Pat35	post-progression	anti-PD1 resistant	Nat Commun 2024（PMID 38594286）临床进展后取样；非 RECIST 判定，影像学标准不可得	groups=anti-PD1 resistant|primary=skin|stage=M1b|gender=F|brafi=no_|prior_ctla4i=不可用（并集语义，与 treatment 共线）			是	是		本队列无应答样本，只能检验模型在进展样本上是否给出预期低分，不能验证区分能力
GSE244982	Pat36	耐药态刻画与方向一致性检验	1	GSM7833103	Pat36	post-progression	anti-CTLA4 resistant	Nat Commun 2024（PMID 38594286）临床进展后取样；非 RECIST 判定，影像学标准不可得	groups=mucosal|primary=mucosa|stage=IIIb|gender=F|brafi=no_|prior_ctla4i=不可用（并集语义，与 treatment 共线）			否	是	原发黏膜黑色素瘤，原文已将其排除出统计	本队列无应答样本，只能检验模型在进展样本上是否给出预期低分，不能验证区分能力
GSE244982	Pat37	耐药态刻画与方向一致性检验	1	GSM7833104	Pat37	post-progression	anti-PD1 resistant	Nat Commun 2024（PMID 38594286）临床进展后取样；非 RECIST 判定，影像学标准不可得	groups=anti-PD1 resistant, BRAFi day7|primary=skin|stage=M1c|gender=M|brafi=no_During, day 7（BRAFi 联合暴露，强混杂）|prior_ctla4i=不可用（并集语义，与 treatment 共线）			是	是		本队列无应答样本，只能检验模型在进展样本上是否给出预期低分，不能验证区分能力
GSE244982	Pat39	耐药态刻画与方向一致性检验	1	GSM7833105	Pat39	post-progression	anti-PD1 resistant	Nat Commun 2024（PMID 38594286）临床进展后取样；非 RECIST 判定，影像学标准不可得	groups=anti-PD1 resistant|primary=skin|stage=M1c|gender=M|brafi=yes_Before|prior_ctla4i=不可用（并集语义，与 treatment 共线）			是	是		本队列无应答样本，只能检验模型在进展样本上是否给出预期低分，不能验证区分能力
GSE244982	Pat40	耐药态刻画与方向一致性检验	1	GSM7833106	Pat40	post-progression	anti-PD1 resistant	Nat Commun 2024（PMID 38594286）临床进展后取样；非 RECIST 判定，影像学标准不可得	groups=anti-PD1 resistant, BRAFi day7|primary=skin|stage=M1c|gender=M|brafi=no_During, day 7（BRAFi 联合暴露，强混杂）|prior_ctla4i=不可用（并集语义，与 treatment 共线）			是	是		本队列无应答样本，只能检验模型在进展样本上是否给出预期低分，不能验证区分能力
GSE244982	Pat41	耐药态刻画与方向一致性检验	1	GSM7833107	Pat41	post-progression	anti-PD1 resistant	Nat Commun 2024（PMID 38594286）临床进展后取样；非 RECIST 判定，影像学标准不可得	groups=anti-PD1 resistant, BRAFi day7|primary=skin|stage=M1c|gender=M|brafi=no_During, day 7（BRAFi 联合暴露，强混杂）|prior_ctla4i=不可用（并集语义，与 treatment 共线）			是	是		本队列无应答样本，只能检验模型在进展样本上是否给出预期低分，不能验证区分能力
GSE244982	Pat42	耐药态刻画与方向一致性检验	1	GSM7833108	Pat42	post-progression	anti-PD1 resistant	Nat Commun 2024（PMID 38594286）临床进展后取样；非 RECIST 判定，影像学标准不可得	groups=anti-PD1 resistant|primary=skin|stage=M1a|gender=F|brafi=no_|prior_ctla4i=不可用（并集语义，与 treatment 共线）			是	是		本队列无应答样本，只能检验模型在进展样本上是否给出预期低分，不能验证区分能力
GSE244982	Pat43	耐药态刻画与方向一致性检验	1	GSM7833109	Pat43	post-progression	anti-PD1 resistant	Nat Commun 2024（PMID 38594286）临床进展后取样；非 RECIST 判定，影像学标准不可得	groups=anti-PD1 resistant, BRAFi day7|primary=skin|stage=M1c|gender=M|brafi=no_During, day 7（BRAFi 联合暴露，强混杂）|prior_ctla4i=不可用（并集语义，与 treatment 共线）			是	是		本队列无应答样本，只能检验模型在进展样本上是否给出预期低分，不能验证区分能力
GSE244982	Pat44	耐药态刻画与方向一致性检验	1	GSM7833110	Pat44	post-progression	anti-PD1 resistant	Nat Commun 2024（PMID 38594286）临床进展后取样；非 RECIST 判定，影像学标准不可得	groups=anti-PD1 resistant|primary=skin|stage=IIIb|gender=F|brafi=no_|prior_ctla4i=不可用（并集语义，与 treatment 共线）			是	是		本队列无应答样本，只能检验模型在进展样本上是否给出预期低分，不能验证区分能力
GSE244982	Pat45	耐药态刻画与方向一致性检验	1	GSM7833111	Pat45	post-progression	anti-PD1 resistant	Nat Commun 2024（PMID 38594286）临床进展后取样；非 RECIST 判定，影像学标准不可得	groups=anti-PD1 resistant|primary=skin|stage=M1c|gender=F|brafi=no_|prior_ctla4i=不可用（并集语义，与 treatment 共线）			是	是		本队列无应答样本，只能检验模型在进展样本上是否给出预期低分，不能验证区分能力
GSE244982	Pat46	耐药态刻画与方向一致性检验	1	GSM7833112	Pat46	post-progression	anti-PD1 resistant	Nat Commun 2024（PMID 38594286）临床进展后取样；非 RECIST 判定，影像学标准不可得	groups=anti-PD1 resistant|primary=skin|stage=M1c|gender=M|brafi=yes_Before|prior_ctla4i=不可用（并集语义，与 treatment 共线）			是	是		本队列无应答样本，只能检验模型在进展样本上是否给出预期低分，不能验证区分能力
GSE244982	Pat47	耐药态刻画与方向一致性检验	1	GSM7833113	Pat47	post-progression	anti-PD1 resistant	Nat Commun 2024（PMID 38594286）临床进展后取样；非 RECIST 判定，影像学标准不可得	groups=anti-PD1 resistant, BRAFi day7|primary=skin|stage=M1c|gender=F|brafi=no_During, day 7（BRAFi 联合暴露，强混杂）|prior_ctla4i=不可用（并集语义，与 treatment 共线）			是	是		本队列无应答样本，只能检验模型在进展样本上是否给出预期低分，不能验证区分能力
GSE244982	Pat48	耐药态刻画与方向一致性检验	1	GSM7833114	Pat48	post-progression	anti-PD1 resistant	Nat Commun 2024（PMID 38594286）临床进展后取样；非 RECIST 判定，影像学标准不可得	groups=anti-PD1 resistant, BRAFi day7|primary=skin|stage=M1c|gender=F|brafi=no_During, day 7（BRAFi 联合暴露，强混杂）|prior_ctla4i=不可用（并集语义，与 treatment 共线）			是	是		本队列无应答样本，只能检验模型在进展样本上是否给出预期低分，不能验证区分能力
GSE244982	Pat49	耐药态刻画与方向一致性检验	1	GSM7833115	Pat49	post-progression	anti-PD1 resistant	Nat Commun 2024（PMID 38594286）临床进展后取样；非 RECIST 判定，影像学标准不可得	groups=anti-PD1 resistant|primary=unknown|stage=M1c|gender=M|brafi=no_|prior_ctla4i=不可用（并集语义，与 treatment 共线）			是	是		本队列无应答样本，只能检验模型在进展样本上是否给出预期低分，不能验证区分能力
GSE244982	Pat50	耐药态刻画与方向一致性检验	1	GSM7833116	Pat50	post-progression	anti-PD1 resistant	Nat Commun 2024（PMID 38594286）临床进展后取样；非 RECIST 判定，影像学标准不可得	groups=anti-PD1 resistant, BRAFi day7|primary=unknown|stage=M1b|gender=F|brafi=no_During, day 7（BRAFi 联合暴露，强混杂）|prior_ctla4i=不可用（并集语义，与 treatment 共线）			是	是		本队列无应答样本，只能检验模型在进展样本上是否给出预期低分，不能验证区分能力
GSE294272	HM002	去卷积参考谱的独立验证集	1	GSM8901585	HM002	Untreated	Untreated	Nat Commun 2026（PMID 42277002）补充数据 1：treatment 分组	tissue=lymph node（含瘤整块，SPIAT 分 Tumour/Stroma）；batch 字段 GEO 未提供			是	是		
GSE294272	HM003	去卷积参考谱的独立验证集	2	GSM8901586|GSM8901587	HM003-Large|HM003-Small	Untreated|Untreated	Untreated	Nat Commun 2026（PMID 42277002）补充数据 1：treatment 分组	tissue=lymph node（含瘤整块，SPIAT 分 Tumour/Stroma）；batch 字段 GEO 未提供	同患者同一天的两个不同瘤灶	合并或择一；论文按样本统计存在伪重复	是	是		补充数据原文：different tumors collected on the same day from the same patient
GSE294272	HM004	去卷积参考谱的独立验证集	1	GSM8901588	HM004	ICI_resistant	ICI_resistant	Nat Commun 2026（PMID 42277002）补充数据 1：treatment 分组	tissue=lymph node（含瘤整块，SPIAT 分 Tumour/Stroma）；batch 字段 GEO 未提供			是	是		
GSE294272	HM005	去卷积参考谱的独立验证集	1	GSM8901589	HM005	Untreated	Untreated	Nat Commun 2026（PMID 42277002）补充数据 1：treatment 分组	tissue=lymph node（含瘤整块，SPIAT 分 Tumour/Stroma）；batch 字段 GEO 未提供			是	是		
GSE294272	HM006	去卷积参考谱的独立验证集	1	GSM8901590	HM006	ICI_resistant	ICI_resistant	Nat Commun 2026（PMID 42277002）补充数据 1：treatment 分组	tissue=lymph node（含瘤整块，SPIAT 分 Tumour/Stroma）；batch 字段 GEO 未提供			是	是		
GSE294272	HM007	去卷积参考谱的独立验证集	1	GSM8901591	HM007	Untreated	Untreated	Nat Commun 2026（PMID 42277002）补充数据 1：treatment 分组	tissue=lymph node（含瘤整块，SPIAT 分 Tumour/Stroma）；batch 字段 GEO 未提供			是	是		
GSE294272	HM009	去卷积参考谱的独立验证集	1	GSM8901592	HM009	ICI_responder	ICI_responder	Nat Commun 2026（PMID 42277002）补充数据 1：treatment 分组	tissue=lymph node（含瘤整块，SPIAT 分 Tumour/Stroma）；batch 字段 GEO 未提供			是	是		
GSE294272	HM012	去卷积参考谱的独立验证集	1	GSM8901593	HM012	Untreated	Untreated	Nat Commun 2026（PMID 42277002）补充数据 1：treatment 分组	tissue=lymph node（含瘤整块，SPIAT 分 Tumour/Stroma）；batch 字段 GEO 未提供			是	是		
GSE294272	HM014	去卷积参考谱的独立验证集	1	GSM8901594	HM014	Untreated	Untreated	Nat Commun 2026（PMID 42277002）补充数据 1：treatment 分组	tissue=lymph node（含瘤整块，SPIAT 分 Tumour/Stroma）；batch 字段 GEO 未提供			是	是		
GSE294272	HM015	去卷积参考谱的独立验证集	1	GSM8901595	HM015	ICI_resistant	ICI_resistant	Nat Commun 2026（PMID 42277002）补充数据 1：treatment 分组	tissue=lymph node（含瘤整块，SPIAT 分 Tumour/Stroma）；batch 字段 GEO 未提供			是	是		
GSE294272	HM017	去卷积参考谱的独立验证集	1	GSM8901596	HM017	Untreated	Untreated	Nat Commun 2026（PMID 42277002）补充数据 1：treatment 分组	tissue=lymph node（含瘤整块，SPIAT 分 Tumour/Stroma）；batch 字段 GEO 未提供			是	是		
GSE294272	HM019	去卷积参考谱的独立验证集	2	GSM8901597|GSM8901610	HM019|Mel-TIL-019	ICI_resistant|Untreated	ICI_resistant|Untreated	Nat Commun 2026（PMID 42277002）补充数据 1：treatment 分组	tissue=lymph node（含瘤整块，SPIAT 分 Tumour/Stroma）；batch 字段 GEO 未提供	跨时点重复患者（Mel-TIL-### 与 HM### 同一人）	同一患者不得同时进入 Untreated 与 ICI 组对比；保留一个时点或整例剔除	否	是	同一患者跨组重复，直接污染 Responder vs Resistant 对比	对应样本 HM019|Mel-TIL-019，分组 ICI_resistant|Untreated
GSE294272	HM020	去卷积参考谱的独立验证集	1	GSM8901598	HM020	Untreated	Untreated	Nat Commun 2026（PMID 42277002）补充数据 1：treatment 分组	tissue=lymph node（含瘤整块，SPIAT 分 Tumour/Stroma）；batch 字段 GEO 未提供			是	是		
GSE294272	HM025	去卷积参考谱的独立验证集	1	GSM8901599	HM025	ICI_resistant	ICI_resistant	Nat Commun 2026（PMID 42277002）补充数据 1：treatment 分组	tissue=lymph node（含瘤整块，SPIAT 分 Tumour/Stroma）；batch 字段 GEO 未提供			是	是		
GSE294272	HM026	去卷积参考谱的独立验证集	2	GSM8901600|GSM8901612	HM026|Mel-TIL-026	ICI_responder|ICI_resistant	ICI_resistant|ICI_responder	Nat Commun 2026（PMID 42277002）补充数据 1：treatment 分组	tissue=lymph node（含瘤整块，SPIAT 分 Tumour/Stroma）；batch 字段 GEO 未提供	跨时点重复患者（Mel-TIL-### 与 HM### 同一人）	同一患者不得同时进入 Untreated 与 ICI 组对比；保留一个时点或整例剔除	否	是	同一患者跨组重复，直接污染 Responder vs Resistant 对比	对应样本 HM026|Mel-TIL-026，分组 ICI_responder|ICI_resistant；HM026 即 resistant/responder 泄漏
GSE294272	HM028	去卷积参考谱的独立验证集	1	GSM8901601	HM028	ICI_resistant	ICI_resistant	Nat Commun 2026（PMID 42277002）补充数据 1：treatment 分组	tissue=lymph node（含瘤整块，SPIAT 分 Tumour/Stroma）；batch 字段 GEO 未提供			是	是		
GSE294272	HM030	去卷积参考谱的独立验证集	1	GSM8901602	HM030	Untreated	Untreated	Nat Commun 2026（PMID 42277002）补充数据 1：treatment 分组	tissue=lymph node（含瘤整块，SPIAT 分 Tumour/Stroma）；batch 字段 GEO 未提供			是	是		
GSE294272	HM032	去卷积参考谱的独立验证集	1	GSM8901603	HM032	ICI_resistant	ICI_resistant	Nat Commun 2026（PMID 42277002）补充数据 1：treatment 分组	tissue=lymph node（含瘤整块，SPIAT 分 Tumour/Stroma）；batch 字段 GEO 未提供			是	是		
GSE294272	HM035	去卷积参考谱的独立验证集	1	GSM8901604	HM035	ICI_responder	ICI_responder	Nat Commun 2026（PMID 42277002）补充数据 1：treatment 分组	tissue=lymph node（含瘤整块，SPIAT 分 Tumour/Stroma）；batch 字段 GEO 未提供			是	是		
GSE294272	HM036	去卷积参考谱的独立验证集	1	GSM8901605	HM036	ICI_resistant	ICI_resistant	Nat Commun 2026（PMID 42277002）补充数据 1：treatment 分组	tissue=lymph node（含瘤整块，SPIAT 分 Tumour/Stroma）；batch 字段 GEO 未提供			是	是		
GSE294272	HM038	去卷积参考谱的独立验证集	1	GSM8901606	HM038	ICI_responder	ICI_responder	Nat Commun 2026（PMID 42277002）补充数据 1：treatment 分组	tissue=lymph node（含瘤整块，SPIAT 分 Tumour/Stroma）；batch 字段 GEO 未提供			是	是		
GSE294272	HM041	去卷积参考谱的独立验证集	1	GSM8901607	HM041	ICI_resistant	ICI_resistant	Nat Commun 2026（PMID 42277002）补充数据 1：treatment 分组	tissue=lymph node（含瘤整块，SPIAT 分 Tumour/Stroma）；batch 字段 GEO 未提供			是	是		
GSE294272	MT002	去卷积参考谱的独立验证集	1	GSM8901608	Mel-TIL-002	Untreated	Untreated	Nat Commun 2026（PMID 42277002）补充数据 1：treatment 分组	tissue=lymph node（含瘤整块，SPIAT 分 Tumour/Stroma）；batch 字段 GEO 未提供			是	是		
GSE294272	MT011	去卷积参考谱的独立验证集	1	GSM8901609	Mel-TIL-011	Untreated	Untreated	Nat Commun 2026（PMID 42277002）补充数据 1：treatment 分组	tissue=lymph node（含瘤整块，SPIAT 分 Tumour/Stroma）；batch 字段 GEO 未提供			是	是		
GSE294272	MT022	去卷积参考谱的独立验证集	1	GSM8901611	Mel-TIL-022	Untreated	Untreated	Nat Commun 2026（PMID 42277002）补充数据 1：treatment 分组	tissue=lymph node（含瘤整块，SPIAT 分 Tumour/Stroma）；batch 字段 GEO 未提供			是	是		
GSE294272	MT030	去卷积参考谱的独立验证集	1	GSM8901613	Mel-TIL-030	ICI_responder	ICI_responder	Nat Commun 2026（PMID 42277002）补充数据 1：treatment 分组	tissue=lymph node（含瘤整块，SPIAT 分 Tumour/Stroma）；batch 字段 GEO 未提供			是	是		
GSE308434	F01	模块 2 肿瘤内在状态×TCR 配对分析	2	GSM9245398|GSM9245399	Melanoma_F01_on|Melanoma_F01_pre	nivolumab + ipilimumab	无（该系列无 response 字段）	SOFT 全字段确认无 response/RECIST/结局字段；Columbia Izar 组 GSE308433/434/435 三姊妹系列	treatment=nivolumab + ipilimumab|genotype=BRAF V600E|series=F	同患者多活检	配对结构处理；不得当独立样本计数	是	是		只做描述性/关联分析，不做应答监督预测
GSE308434	F02	模块 2 肿瘤内在状态×TCR 配对分析	2	GSM9245400|GSM9245401	Melanoma_F02_on|Melanoma_F02_pre	nivolumab + ipilimumab	无（该系列无 response 字段）	SOFT 全字段确认无 response/RECIST/结局字段；Columbia Izar 组 GSE308433/434/435 三姊妹系列	treatment=nivolumab + ipilimumab|genotype=BRAF V600K CTNNB1 H36Y|series=F	同患者多活检	配对结构处理；不得当独立样本计数	是	是		只做描述性/关联分析，不做应答监督预测
GSE308434	F03	模块 2 肿瘤内在状态×TCR 配对分析	2	GSM9245402|GSM9245403	Melanoma_F03_post1_on2|Melanoma_F03_post1_pre2	nivolumab + ipilimumab|spartalizumab + capmatinib	无（该系列无 response 字段）	SOFT 全字段确认无 response/RECIST/结局字段；Columbia Izar 组 GSE308433/434/435 三姊妹系列	treatment=nivolumab + ipilimumab|spartalizumab + capmatinib|genotype=BRAF K601_T604delins|series=F	同患者多活检	配对结构处理；不得当独立样本计数	是	是		post1_pre2 = 一线结束后、二线开始前的洗脱窗口活检（推断级，无作者字典）；只做描述性/关联分析，不做应答监督预测
GSE308434	F04	模块 2 肿瘤内在状态×TCR 配对分析	1	GSM9245404	Melanoma_F04_pre	nivolumab	无（该系列无 response 字段）	SOFT 全字段确认无 response/RECIST/结局字段；Columbia Izar 组 GSE308433/434/435 三姊妹系列	treatment=nivolumab|genotype=NRAS Q61R|series=F			是	是		只做描述性/关联分析，不做应答监督预测
GSE308434	F05	模块 2 肿瘤内在状态×TCR 配对分析	1	GSM9245405	Melanoma_F05_pre	pembrolizumab	无（该系列无 response 字段）	SOFT 全字段确认无 response/RECIST/结局字段；Columbia Izar 组 GSE308433/434/435 三姊妹系列	treatment=pembrolizumab|genotype=NRAS Q61L CTNNB1 S38Y|series=F			是	是		只做描述性/关联分析，不做应答监督预测
GSE308434	F06	模块 2 肿瘤内在状态×TCR 配对分析	1	GSM9245406	Melanoma_F06_post1_pre2	pembrolizumab	无（该系列无 response 字段）	SOFT 全字段确认无 response/RECIST/结局字段；Columbia Izar 组 GSE308433/434/435 三姊妹系列	treatment=pembrolizumab|genotype=NRAS Q61R|series=F			是	是		post1_pre2 = 一线结束后、二线开始前的洗脱窗口活检（推断级，无作者字典）；只做描述性/关联分析，不做应答监督预测
GSE308434	F07	模块 2 肿瘤内在状态×TCR 配对分析	1	GSM9245407	Melanoma_F07_post1_pre2	pembrolizumab	无（该系列无 response 字段）	SOFT 全字段确认无 response/RECIST/结局字段；Columbia Izar 组 GSE308433/434/435 三姊妹系列	treatment=pembrolizumab|genotype=BRAF V600E|series=F			是	是		post1_pre2 = 一线结束后、二线开始前的洗脱窗口活检（推断级，无作者字典）；只做描述性/关联分析，不做应答监督预测
GSE308434	F08	模块 2 肿瘤内在状态×TCR 配对分析	1	GSM9245408	Melanoma_F08_post	nivolumab + ipilimumab	无（该系列无 response 字段）	SOFT 全字段确认无 response/RECIST/结局字段；Columbia Izar 组 GSE308433/434/435 三姊妹系列	treatment=nivolumab + ipilimumab|genotype=NRAS Q61R BRAF p.K60E exon15 BRAF p.S467L exon 11 TERT C250T (c.-146C>T)|series=F			是	是		只做描述性/关联分析，不做应答监督预测
GSE308434	F09	模块 2 肿瘤内在状态×TCR 配对分析	1	GSM9245409	Melanoma_F09_post	pembrolizumab	无（该系列无 response 字段）	SOFT 全字段确认无 response/RECIST/结局字段；Columbia Izar 组 GSE308433/434/435 三姊妹系列	treatment=pembrolizumab|genotype=BRAF NRAS KIT WT|series=F			是	是		只做描述性/关联分析，不做应答监督预测
GSE308434	F10	模块 2 肿瘤内在状态×TCR 配对分析	1	GSM9245410	Melanoma_F10_post	nivolumab + ipilimumab	无（该系列无 response 字段）	SOFT 全字段确认无 response/RECIST/结局字段；Columbia Izar 组 GSE308433/434/435 三姊妹系列	treatment=nivolumab + ipilimumab|genotype=NRAS Q61L|series=F			是	是		只做描述性/关联分析，不做应答监督预测
GSE308434	F12	模块 2 肿瘤内在状态×TCR 配对分析	2	GSM9245411|GSM9245412	Melanoma_F12_post|Melanoma_F12_pre	naive|nivolumab + ipilimumab	无（该系列无 response 字段）	SOFT 全字段确认无 response/RECIST/结局字段；Columbia Izar 组 GSE308433/434/435 三姊妹系列	treatment=naive|nivolumab + ipilimumab|genotype=BRAF NRAS KIT WT|series=F	同患者多活检	配对结构处理；不得当独立样本计数	是	是		本队列唯一未治疗锚点；只做描述性/关联分析，不做应答监督预测
GSE308434	F15	模块 2 肿瘤内在状态×TCR 配对分析	1	GSM9245413	Melanoma_F15_pre	nivolumab + ipilimumab	无（该系列无 response 字段）	SOFT 全字段确认无 response/RECIST/结局字段；Columbia Izar 组 GSE308433/434/435 三姊妹系列	treatment=nivolumab + ipilimumab|genotype=BRAF NRAS KIT WT TP53 (M237I)|series=F			是	是		只做描述性/关联分析，不做应答监督预测
GSE308434	F16	模块 2 肿瘤内在状态×TCR 配对分析	2	GSM9245414|GSM9245415	Melanoma_F16_post1_pre2|Melanoma_F16_pre	pembrolizumab	无（该系列无 response 字段）	SOFT 全字段确认无 response/RECIST/结局字段；Columbia Izar 组 GSE308433/434/435 三姊妹系列	treatment=pembrolizumab|genotype=BRAF NRAS KiT WT|NRAS Q61R|series=F	同患者多活检	配对结构处理；不得当独立样本计数	是	是		post1_pre2 = 一线结束后、二线开始前的洗脱窗口活检（推断级，无作者字典）；只做描述性/关联分析，不做应答监督预测
GSE308434	F17	模块 2 肿瘤内在状态×TCR 配对分析	1	GSM9245416	Melanoma_F17_post	nivolumab + ipilimumab	无（该系列无 response 字段）	SOFT 全字段确认无 response/RECIST/结局字段；Columbia Izar 组 GSE308433/434/435 三姊妹系列	treatment=nivolumab + ipilimumab|genotype=BRAF NRAS KIT WT MAP2K1 E102_I103del|series=F			是	是		只做描述性/关联分析，不做应答监督预测
GSE308434	F18	模块 2 肿瘤内在状态×TCR 配对分析	1	GSM9245417	Melanoma_F18_post	nivolumab + ipilimumab	无（该系列无 response 字段）	SOFT 全字段确认无 response/RECIST/结局字段；Columbia Izar 组 GSE308433/434/435 三姊妹系列	treatment=nivolumab + ipilimumab|genotype=MAP2K1 L98_K104>I PTEN, c.464A>G, p.Tyr155Cys|series=F			是	是		只做描述性/关联分析，不做应答监督预测
GSE308434	F20	模块 2 肿瘤内在状态×TCR 配对分析	1	GSM9245418	Melanoma_F20_post1_pre2	nivolumab	无（该系列无 response 字段）	SOFT 全字段确认无 response/RECIST/结局字段；Columbia Izar 组 GSE308433/434/435 三姊妹系列	treatment=nivolumab|genotype=NRAS Q61R|series=F			是	是		post1_pre2 = 一线结束后、二线开始前的洗脱窗口活检（推断级，无作者字典）；只做描述性/关联分析，不做应答监督预测
GSE308434	F22	模块 2 肿瘤内在状态×TCR 配对分析	1	GSM9245419	Melanoma_F22_post	L19IL2 + L16TNF	无（该系列无 response 字段）	SOFT 全字段确认无 response/RECIST/结局字段；Columbia Izar 组 GSE308433/434/435 三姊妹系列	treatment=L19IL2 + L16TNF|genotype=BRAF V600E|series=F			是	是		只做描述性/关联分析，不做应答监督预测
GSE308434	F23	模块 2 肿瘤内在状态×TCR 配对分析	1	GSM9245420	Melanoma_F23_post	pembrolizumab	无（该系列无 response 字段）	SOFT 全字段确认无 response/RECIST/结局字段；Columbia Izar 组 GSE308433/434/435 三姊妹系列	treatment=pembrolizumab|genotype=unknown|series=F			是	是		只做描述性/关联分析，不做应答监督预测
GSE308434	F25	模块 2 肿瘤内在状态×TCR 配对分析	1	GSM9245421	Melanoma_F25_post	pembrolizumab	无（该系列无 response 字段）	SOFT 全字段确认无 response/RECIST/结局字段；Columbia Izar 组 GSE308433/434/435 三姊妹系列	treatment=pembrolizumab|genotype=BRAF NRAS KIT WT PIK3CA, c.3140A>T, p.His1047Leu|series=F			是	是		只做描述性/关联分析，不做应答监督预测
GSE308434	F26	模块 2 肿瘤内在状态×TCR 配对分析	1	GSM9245422	Melanoma_F26_post	pembrolizumab	无（该系列无 response 字段）	SOFT 全字段确认无 response/RECIST/结局字段；Columbia Izar 组 GSE308433/434/435 三姊妹系列	treatment=pembrolizumab|genotype=BRAF NRAS KIT WT|series=F			是	是		只做描述性/关联分析，不做应答监督预测
GSE308434	F27	模块 2 肿瘤内在状态×TCR 配对分析	1	GSM9245423	Melanoma_F27_post1_pre2	pembrolizumab	无（该系列无 response 字段）	SOFT 全字段确认无 response/RECIST/结局字段；Columbia Izar 组 GSE308433/434/435 三姊妹系列	treatment=pembrolizumab|genotype=BRAF V600R|series=F			是	是		post1_pre2 = 一线结束后、二线开始前的洗脱窗口活检（推断级，无作者字典）；只做描述性/关联分析，不做应答监督预测
GSE308434	F28	模块 2 肿瘤内在状态×TCR 配对分析	1	GSM9245424	Melanoma_F28_post1_pre2	ipilimumab + IMO2125 (agonist TLR9)	无（该系列无 response 字段）	SOFT 全字段确认无 response/RECIST/结局字段；Columbia Izar 组 GSE308433/434/435 三姊妹系列	treatment=ipilimumab + IMO2125 (agonist TLR9)|genotype=NRAS Q61R|series=F			是	是		post1_pre2 = 一线结束后、二线开始前的洗脱窗口活检（推断级，无作者字典）；只做描述性/关联分析，不做应答监督预测
GSE308434	F29	模块 2 肿瘤内在状态×TCR 配对分析	1	GSM9245425	Melanoma_F29_post1_pre2	ipilimumab + IMO2125 (agonist TLR9)	无（该系列无 response 字段）	SOFT 全字段确认无 response/RECIST/结局字段；Columbia Izar 组 GSE308433/434/435 三姊妹系列	treatment=ipilimumab + IMO2125 (agonist TLR9)|genotype=NRAS Q61K|series=F			是	是		post1_pre2 = 一线结束后、二线开始前的洗脱窗口活检（推断级，无作者字典）；只做描述性/关联分析，不做应答监督预测
GSE308434	F30	模块 2 肿瘤内在状态×TCR 配对分析	1	GSM9245426	Melanoma_F30_post	pembrolizumab (+ temodal)	无（该系列无 response 字段）	SOFT 全字段确认无 response/RECIST/结局字段；Columbia Izar 组 GSE308433/434/435 三姊妹系列	treatment=pembrolizumab (+ temodal)|genotype=NRAS Q61K|series=F			是	是		只做描述性/关联分析，不做应答监督预测
GSE308434	F31	模块 2 肿瘤内在状态×TCR 配对分析	1	GSM9245427	Melanoma_F31_post	nivolumab	无（该系列无 response 字段）	SOFT 全字段确认无 response/RECIST/结局字段；Columbia Izar 组 GSE308433/434/435 三姊妹系列	treatment=nivolumab|genotype=NRAS Q61K|series=F			是	是		只做描述性/关联分析，不做应答监督预测
GSE308434	R204	模块 2 肿瘤内在状态×TCR 配对分析	1	GSM9245428	Melanoma_R204_pre	pembrolizumab	无（该系列无 response 字段）	SOFT 全字段确认无 response/RECIST/结局字段；Columbia Izar 组 GSE308433/434/435 三姊妹系列	treatment=pembrolizumab|genotype=BRAF WT, JAK  P429S|series=R			是	是		只做描述性/关联分析，不做应答监督预测
GSE308434	R294	模块 2 肿瘤内在状态×TCR 配对分析	1	GSM9245429	Melanoma_R294_on	pembrolizumab	无（该系列无 response 字段）	SOFT 全字段确认无 response/RECIST/结局字段；Columbia Izar 组 GSE308433/434/435 三姊妹系列	treatment=pembrolizumab|genotype=BRAF WT|series=R			是	是		只做描述性/关联分析，不做应答监督预测
GSE308434	R308	模块 2 肿瘤内在状态×TCR 配对分析	1	GSM9245430	Melanoma_R308_pre	pembrolizumab	无（该系列无 response 字段）	SOFT 全字段确认无 response/RECIST/结局字段；Columbia Izar 组 GSE308433/434/435 三姊妹系列	treatment=pembrolizumab|genotype=BRAF V600E|series=R			是	是		只做描述性/关联分析，不做应答监督预测
GSE308434	R310	模块 2 肿瘤内在状态×TCR 配对分析	3	GSM9245431|GSM9245432|GSM9245433	Melanoma_R310_on1|Melanoma_R310_on2|Melanoma_R310_pre	adoptive cell transfer|pembrolizumab	无（该系列无 response 字段）	SOFT 全字段确认无 response/RECIST/结局字段；Columbia Izar 组 GSE308433/434/435 三姊妹系列	treatment=adoptive cell transfer|pembrolizumab|genotype=BRAF V600E|NA|series=R	同患者多活检	配对结构处理；不得当独立样本计数	是	是		只做描述性/关联分析，不做应答监督预测
GSE308434	R319	模块 2 肿瘤内在状态×TCR 配对分析	2	GSM9245434|GSM9245435	Melanoma_R319_on|Melanoma_R319_pre	ipilimumab|pembrolizumab	无（该系列无 response 字段）	SOFT 全字段确认无 response/RECIST/结局字段；Columbia Izar 组 GSE308433/434/435 三姊妹系列	treatment=ipilimumab|pembrolizumab|genotype=BRAF WT, NRAS mutated|NA|series=R	同患者多活检	配对结构处理；不得当独立样本计数	是	是		只做描述性/关联分析，不做应答监督预测
GSE308434	R328	模块 2 肿瘤内在状态×TCR 配对分析	1	GSM9245436	Melanoma_R328_on	pembrolizumab	无（该系列无 response 字段）	SOFT 全字段确认无 response/RECIST/结局字段；Columbia Izar 组 GSE308433/434/435 三姊妹系列	treatment=pembrolizumab|genotype=BRAF WT|series=R			是	是		只做描述性/关联分析，不做应答监督预测
GSE308434	R329	模块 2 肿瘤内在状态×TCR 配对分析	1	GSM9245437	Melanoma_R329_on	pembrolizumab	无（该系列无 response 字段）	SOFT 全字段确认无 response/RECIST/结局字段；Columbia Izar 组 GSE308433/434/435 三姊妹系列	treatment=pembrolizumab|genotype=BRAF WT|series=R			是	是		只做描述性/关联分析，不做应答监督预测
GSE308434	R334	模块 2 肿瘤内在状态×TCR 配对分析	1	GSM9245438	Melanoma_R334_pre	pembrolizumab	无（该系列无 response 字段）	SOFT 全字段确认无 response/RECIST/结局字段；Columbia Izar 组 GSE308433/434/435 三姊妹系列	treatment=pembrolizumab|genotype=BRAF/NRAS WT|series=R			是	是		只做描述性/关联分析，不做应答监督预测
GSE308434	R354	模块 2 肿瘤内在状态×TCR 配对分析	1	GSM9245439	Melanoma_R354_pre	ipilimumab	无（该系列无 response 字段）	SOFT 全字段确认无 response/RECIST/结局字段；Columbia Izar 组 GSE308433/434/435 三姊妹系列	treatment=ipilimumab|genotype=BRAF/NRAS WT|series=R			是	是		只做描述性/关联分析，不做应答监督预测
GSE115821	(队列级排除)	IMPRES 开发队列	37			PRE/On	R 3 / NR 34	作者 GitHub MGH.mat 逐样本字段（Supp. Table 9 无法获取）	去重后仅 8 例独立患者；3 个 R 样本中 2 个属同一患者 pre/on 配对			否	否	独立应答患者约 2 例，统计上不足以建模或做外部验证	详见 docs/02_回原文核对结论.md 第七之二节
