feature	statistic	gse91061_PD_median	gse91061_PRCR_median	gse244982_median	gse244982_vs_PD_p	iqr_overlap_with_PD
ifng_response	ifng_response_sd	0.65279	0.74963	0.76797	0.003610535360813736	True
antigen_presentation	antigen_presentation_sd	0.6054	0.828835	0.80592	0.005598660083641078	True
proliferation	proliferation_sd	0.77101	0.772205	0.79327	0.38566777880668734	True
emt	emt_sd	0.7065	0.6381749999999999	0.85241	0.11069395306445053	True
hypoxia	hypoxia_sd	0.84132	0.80766	0.94864	0.10457537085623166	True
tnf_nfkb	tnf_nfkb_sd	0.65834	0.65752	0.87148	0.00032323479205396044	True
interferon_alpha	interferon_alpha_sd	0.62863	0.618895	0.77514	0.005362733192442827	True
il2_stat5	il2_stat5_sd	0.88292	0.808675	0.9356	0.0570529999411317	True
il6_jak_stat3	il6_jak_stat3_sd	0.6083	0.737555	0.82847	0.0003794854329277107	False
tgf_beta	tgf_beta_sd	0.8461	0.70574	0.94026	0.07329827025424433	True
wnt_beta_catenin	wnt_beta_catenin_sd	0.84745	0.800565	0.90256	0.17471173285757613	True
kras_up	kras_up_sd	0.79258	0.86749	0.87669	0.10161843502662761	True
angiogenesis	angiogenesis_sd	0.83993	0.71324	0.81355	0.664469772951806	True
oxidative_phosphorylation	oxidative_phosphorylation_sd	0.77808	0.7806649999999999	0.91521	0.09314552778298829	True
glycolysis	glycolysis_sd	0.88795	0.842365	0.96039	0.05178937509019669	True
mtorc1	mtorc1_sd	0.85969	0.88813	0.95946	0.08274058983624094	True
g2m_checkpoint	g2m_checkpoint_sd	0.76037	0.73018	0.85268	0.04247539792342244	True
