cohort	platform	pair_no	g1	g2	status	n_samples	p1	f_constant	p_min	log2fc_median
GSE215868	NanoString 784 基因靶向面板	1	CD274	C10orf54	基因缺失					
GSE215868	NanoString 784 基因靶向面板	2	CD86	CD200	基因缺失					
GSE215868	NanoString 784 基因靶向面板	3	CD40	CD274	可算	105.0	0.02857142857142857	False	0.02857142857142857	1.7264349266740366
GSE215868	NanoString 784 基因靶向面板	4	CD28	CD276	可算	105.0	1.0	True	0.0	-3.656397638764105
GSE215868	NanoString 784 基因靶向面板	5	CD40	CD28	可算	105.0	0.0761904761904762	False	0.0761904761904762	0.9210695307782804
GSE215868	NanoString 784 基因靶向面板	6	TNFRSF14	CD86	可算	105.0	0.0	True	0.0	5.254489296700785
GSE215868	NanoString 784 基因靶向面板	7	CD27	PDCD1	可算	105.0	0.22857142857142856	False	0.22857142857142856	0.720425918016275
GSE215868	NanoString 784 基因靶向面板	8	CD28	CD86	可算	105.0	0.20952380952380953	False	0.20952380952380953	0.6865005271832184
GSE215868	NanoString 784 基因靶向面板	9	CD40	CD80	可算	105.0	0.0	True	0.0	1.7067077730735254
GSE215868	NanoString 784 基因靶向面板	10	CD40	PDCD1	可算	105.0	0.009523809523809525	False	0.009523809523809525	1.5165755257409061
GSE215868	NanoString 784 基因靶向面板	11	CD80	TNFSF9	可算	105.0	0.3238095238095238	False	0.3238095238095238	0.7036069972197752
GSE215868	NanoString 784 基因靶向面板	12	CD86	HAVCR2	可算	105.0	1.0	True	0.0	-1.5420906934601484
GSE215868	NanoString 784 基因靶向面板	13	CD86	TNFSF4	可算	105.0	0.34285714285714286	False	0.34285714285714286	0.3370349872775706
GSE215868	NanoString 784 基因靶向面板	14	CTLA4	TNFSF4	可算	105.0	0.18095238095238095	False	0.18095238095238095	1.1133414730759448
GSE215868	NanoString 784 基因靶向面板	15	PDCD1	TNFSF4	可算	105.0	0.37142857142857144	False	0.37142857142857144	0.23446525363702297
GSE91061	RNA-seq 全转录组（原始计数）	1	CD274	C10orf54	可算	109.0	0.0	True	0.0	6.695808269409446
GSE91061	RNA-seq 全转录组（原始计数）	2	CD86	CD200	可算	109.0	0.3302752293577982	False	0.3302752293577982	0.8112383565448322
GSE91061	RNA-seq 全转录组（原始计数）	3	CD40	CD274	可算	109.0	0.3211009174311927	False	0.3211009174311927	0.40148117580293813
GSE91061	RNA-seq 全转录组（原始计数）	4	CD28	CD276	可算	109.0	0.963302752293578	False	0.03669724770642202	-3.1745909015018507
GSE91061	RNA-seq 全转录组（原始计数）	5	CD40	CD28	可算	109.0	0.29357798165137616	False	0.29357798165137616	0.5420539092518651
GSE91061	RNA-seq 全转录组（原始计数）	6	TNFRSF14	CD86	可算	109.0	0.11926605504587157	False	0.11926605504587157	1.9873631743220745
GSE91061	RNA-seq 全转录组（原始计数）	7	CD27	PDCD1	可算	109.0	0.3302752293577982	False	0.3302752293577982	0.6214883767462702
GSE91061	RNA-seq 全转录组（原始计数）	8	CD28	CD86	可算	109.0	0.8715596330275229	False	0.12844036697247707	-1.4056932005164675
GSE91061	RNA-seq 全转录组（原始计数）	9	CD40	CD80	可算	109.0	0.0	True	0.0	2.608809242675524
GSE91061	RNA-seq 全转录组（原始计数）	10	CD40	PDCD1	可算	109.0	0.03669724770642202	False	0.03669724770642202	3.169925001442312
GSE91061	RNA-seq 全转录组（原始计数）	11	CD80	TNFSF9	可算	109.0	0.5688073394495413	False	0.4311926605504587	-0.4162679428851044
GSE91061	RNA-seq 全转录组（原始计数）	12	CD86	HAVCR2	可算	109.0	0.7155963302752294	False	0.2844036697247706	-0.24616058726939766
GSE91061	RNA-seq 全转录组（原始计数）	13	CD86	TNFSF4	可算	109.0	0.07339449541284404	False	0.07339449541284404	2.0656594261064605
GSE91061	RNA-seq 全转录组（原始计数）	14	CTLA4	TNFSF4	可算	109.0	0.6697247706422018	False	0.3302752293577982	-1.0170735133589415
GSE91061	RNA-seq 全转录组（原始计数）	15	PDCD1	TNFSF4	可算	109.0	0.8073394495412844	False	0.19266055045871555	-1.8872320698380503
GSE78220	芯片 FPKM 全转录组	1	CD274	C10orf54	可算	28.0	0.9285714285714286	False	0.0714285714285714	-1.6311934113740405
GSE78220	芯片 FPKM 全转录组	2	CD86	CD200	可算	28.0	0.8214285714285714	False	0.1785714285714286	-0.9596193745340501
GSE78220	芯片 FPKM 全转录组	3	CD40	CD274	可算	28.0	0.03571428571428571	False	0.03571428571428571	1.6366634225132541
GSE78220	芯片 FPKM 全转录组	4	CD28	CD276	可算	28.0	1.0	True	0.0	-4.643956142060556
GSE78220	芯片 FPKM 全转录组	5	CD40	CD28	可算	28.0	0.0	True	0.0	2.090208334629965
GSE78220	芯片 FPKM 全转录组	6	TNFRSF14	CD86	可算	28.0	0.0	True	0.0	3.802732307811168
GSE78220	芯片 FPKM 全转录组	7	CD27	PDCD1	可算	28.0	0.03571428571428571	False	0.03571428571428571	0.9584022357722586
GSE78220	芯片 FPKM 全转录组	8	CD28	CD86	可算	28.0	0.9642857142857143	False	0.0357142857142857	-1.4268906354561643
GSE78220	芯片 FPKM 全转录组	9	CD40	CD80	可算	28.0	0.0	True	0.0	2.6197475599543334
GSE78220	芯片 FPKM 全转录组	10	CD40	PDCD1	可算	28.0	0.07142857142857142	False	0.07142857142857142	1.6794997640914593
GSE78220	芯片 FPKM 全转录组	11	CD80	TNFSF9	可算	28.0	1.0	True	0.0	-1.5078574376816327
GSE78220	芯片 FPKM 全转录组	12	CD86	HAVCR2	可算	28.0	0.8214285714285714	False	0.1785714285714286	-0.36055920382336876
GSE78220	芯片 FPKM 全转录组	13	CD86	TNFSF4	可算	28.0	0.07142857142857142	False	0.07142857142857142	1.366656087725782
GSE78220	芯片 FPKM 全转录组	14	CTLA4	TNFSF4	可算	28.0	0.17857142857142858	False	0.17857142857142858	0.80192374495624
GSE78220	芯片 FPKM 全转录组	15	PDCD1	TNFSF4	可算	28.0	0.42857142857142855	False	0.42857142857142855	0.43501526566510484
GSE294272	RNA-seq 全转录组（featureCounts）	1	CD274	C10orf54	可算	29.0	1.0	True	0.0	-2.6821646597465207
GSE294272	RNA-seq 全转录组（featureCounts）	2	CD86	CD200	可算	29.0	0.6551724137931034	False	0.3448275862068966	-0.6531972364736083
GSE294272	RNA-seq 全转录组（featureCounts）	3	CD40	CD274	可算	29.0	0.10344827586206896	False	0.10344827586206896	2.0
GSE294272	RNA-seq 全转录组（featureCounts）	4	CD28	CD276	可算	29.0	0.9310344827586207	False	0.06896551724137934	-3.7679345723239717
GSE294272	RNA-seq 全转录组（featureCounts）	5	CD40	CD28	可算	29.0	0.10344827586206896	False	0.10344827586206896	1.434182548545547
GSE294272	RNA-seq 全转录组（featureCounts）	6	TNFRSF14	CD86	可算	29.0	0.0	True	0.0	5.119739244274095
GSE294272	RNA-seq 全转录组（featureCounts）	7	CD27	PDCD1	可算	29.0	0.3448275862068966	False	0.3448275862068966	0.6571122864769915
GSE294272	RNA-seq 全转录组（featureCounts）	8	CD28	CD86	可算	29.0	0.3793103448275862	False	0.3793103448275862	0.46055215853121245
GSE294272	RNA-seq 全转录组（featureCounts）	9	CD40	CD80	可算	29.0	0.0	True	0.0	3.1154772174199357
GSE294272	RNA-seq 全转录组（featureCounts）	10	CD40	PDCD1	可算	29.0	0.034482758620689655	False	0.034482758620689655	1.9981104187987817
GSE294272	RNA-seq 全转录组（featureCounts）	11	CD80	TNFSF9	可算	29.0	0.5517241379310345	False	0.4482758620689655	-0.0489096004809464
GSE294272	RNA-seq 全转录组（featureCounts）	12	CD86	HAVCR2	可算	29.0	0.9655172413793104	False	0.03448275862068961	-0.9175378398080271
GSE294272	RNA-seq 全转录组（featureCounts）	13	CD86	TNFSF4	可算	29.0	0.3103448275862069	False	0.3103448275862069	1.222392421336448
GSE294272	RNA-seq 全转录组（featureCounts）	14	CTLA4	TNFSF4	可算	29.0	0.3448275862068966	False	0.3448275862068966	0.7262391875731478
GSE294272	RNA-seq 全转录组（featureCounts）	15	PDCD1	TNFSF4	可算	29.0	0.3793103448275862	False	0.3793103448275862	0.47916783669855956
GSE244982	作者标准化值 全转录组	1	CD274	C10orf54	可算	41.0	0.04878048780487805	False	0.04878048780487805	1.4080052836787986
GSE244982	作者标准化值 全转录组	2	CD86	CD200	可算	41.0	0.5365853658536586	False	0.46341463414634143	-0.040251444654560056
GSE244982	作者标准化值 全转录组	3	CD40	CD274	可算	41.0	0.024390243902439025	False	0.024390243902439025	0.5948772248543227
GSE244982	作者标准化值 全转录组	4	CD28	CD276	可算	41.0	0.9512195121951219	False	0.04878048780487809	-0.7819900002847641
GSE244982	作者标准化值 全转录组	5	CD40	CD28	可算	41.0	0.024390243902439025	False	0.024390243902439025	0.7664995696656037
GSE244982	作者标准化值 全转录组	6	TNFRSF14	CD86	可算	41.0	0.12195121951219512	False	0.12195121951219512	0.30297547722522983
GSE244982	作者标准化值 全转录组	7	CD27	PDCD1	可算	41.0	0.0	True	0.0	0.9582415788574353
GSE244982	作者标准化值 全转录组	8	CD28	CD86	可算	41.0	1.0	True	0.0	-0.9484245911676676
GSE244982	作者标准化值 全转录组	9	CD40	CD80	可算	41.0	0.0	True	0.0	0.854393221353023
GSE244982	作者标准化值 全转录组	10	CD40	PDCD1	可算	41.0	0.0	True	0.0	1.1905896636598503
GSE244982	作者标准化值 全转录组	11	CD80	TNFSF9	可算	41.0	0.5365853658536586	False	0.46341463414634143	-0.028213063969851813
GSE244982	作者标准化值 全转录组	12	CD86	HAVCR2	可算	41.0	0.5365853658536586	False	0.46341463414634143	-0.009835707309086946
GSE244982	作者标准化值 全转录组	13	CD86	TNFSF4	可算	41.0	0.0	True	0.0	0.7704796932912454
GSE244982	作者标准化值 全转录组	14	CTLA4	TNFSF4	可算	41.0	0.2926829268292683	False	0.2926829268292683	0.24645771469794028
GSE244982	作者标准化值 全转录组	15	PDCD1	TNFSF4	可算	41.0	0.8292682926829268	False	0.1707317073170732	-0.5173198260231748
