library	sample	1p	1q	2p	2q	3p	3q	4p	4q	5p	5q	6p	6q	7p	7q	8p	8q	9p	9q	10p	10q	11p	11q	12p	12q	13p	13q	14p	14q	15p	15q	16p	16q	17p	17q	18p	18q	19p	19q	20p	20q	21p	21q	22p	22q
F01_on	GSM9245359_F01_on	-1.0000	1.0000	0.0000	-0.0336	0.0000	0.0000	0.0000	0.0000	0.0000	0.0000	0.0000	-0.8371	1.0000	1.4541	0.0000	0.0000	-1.0000	1.0000	0.0000	0.0000	0.8668	-0.6459	0.0000	-0.2024	nan	0.0769	nan	-1.0000	nan	0.0000	0.0000	0.0000	0.0000	0.0000	0.0000	0.0000	-0.4643	-0.2462	-1.0000	1.0000	nan	0.7667	nan	-1.0000
F01_pre	GSM9245360_F01_pre	-1.0000	1.0000	0.0000	-0.0336	0.0000	0.0000	0.0000	0.0000	0.0000	0.0000	-0.1036	-0.8371	1.0000	1.5460	0.0000	0.0000	-1.0000	1.0000	0.0000	0.0000	0.8668	-0.6459	0.0000	-0.2024	nan	0.0769	nan	-1.0000	nan	0.0000	0.0000	0.0000	0.0000	0.0000	0.0000	0.0000	-0.4643	-0.2462	-1.0000	1.0000	nan	0.7667	nan	-1.0000
F02_on	GSM9245361_F02_on	0.5065	0.0000	1.0000	1.0000	1.0000	1.0000	0.0000	0.0000	3.0000	-1.0000	0.0000	0.0000	1.0000	1.0000	-0.8294	0.0000	-1.0000	-0.4627	0.0000	0.0000	0.0000	-0.6154	0.0000	0.0000	nan	0.0000	nan	-0.1786	nan	0.0000	-1.0000	-0.3967	-1.0000	-0.5540	0.0000	0.0000	0.0000	0.0000	0.0000	0.0000	nan	0.0000	nan	-1.0000
F02_pre	GSM9245362_F02_pre	0.5882	0.0000	1.0000	1.0000	1.0000	1.0000	0.0000	0.0000	3.0000	-1.0000	-0.1036	0.0000	1.0000	1.0000	-0.8294	0.0000	-1.0000	-0.3881	0.0000	0.0000	0.0000	-0.5484	0.0000	0.0000	nan	0.0000	nan	0.0000	nan	0.0000	0.0000	0.0000	0.0000	0.0000	0.0000	0.0000	0.0000	0.0000	1.0000	1.0000	nan	0.0000	nan	0.0000
F03_post1_on2	GSM9245363_F03_post1_on2	1.0000	1.6939	1.0000	1.0000	0.4382	-1.0000	3.0000	1.5796	1.0000	-1.0000	0.7927	-0.8002	3.0000	3.0000	-0.8483	1.0000	-0.2621	0.4304	1.0000	-1.0000	-0.9027	-0.2687	1.0000	1.0000	nan	1.3956	nan	1.0000	nan	0.8133	0.8519	1.0000	1.0000	0.8410	1.0000	-1.0000	1.0000	0.6985	1.0000	1.0000	nan	1.0000	nan	1.0000
F03_post1_pre2	GSM9245364_F03_post1_pre2	0.4622	0.3061	0.0000	0.6229	-0.0562	-1.0000	1.0000	1.0000	0.0000	-1.0000	0.3627	-0.9001	2.0000	1.0000	-0.9242	0.0000	-0.6311	-0.2848	0.0000	-1.0000	-0.9027	-0.2687	0.0000	0.0000	nan	0.8132	nan	0.0000	nan	-0.0933	0.0000	0.0000	0.0000	-0.0795	0.0000	-1.0000	1.0000	0.6985	-0.7692	0.0000	nan	0.0000	nan	0.0000
F04_pre	GSM9245365_F04_pre	-0.4874	1.0000	0.0000	0.0000	-0.7119	0.0000	-0.2311	0.0000	-0.7097	0.0000	1.3817	0.0000	0.0000	0.0000	-0.3791	0.0000	-1.0000	-1.0000	-1.0000	-0.1487	0.0000	0.0000	-0.4037	-0.0826	nan	0.0000	nan	-0.2381	nan	-0.6316	-1.0000	-1.0000	-1.0000	-1.0000	0.0000	0.0000	1.0000	1.0000	-1.0000	-1.0000	nan	-1.0000	nan	-1.0000
F05_pre	GSM9245366_F05_pre	0.0000	0.3692	0.0000	0.0000	0.0000	0.0000	0.0000	0.0000	0.0000	0.0000	0.3627	0.0000	1.0000	1.0000	0.0000	0.0000	-1.0000	0.0000	0.0000	0.0000	0.0000	-0.3691	0.0000	0.0000	nan	0.0000	nan	0.0000	nan	0.0000	0.0000	0.0000	-1.0000	0.0000	0.0000	0.0000	1.0000	1.0000	-1.0000	0.0000	nan	0.0000	nan	0.0000
F06_post1_pre2	GSM9245367_F06_post1_pre2	0.0000	1.0000	0.0000	0.0000	0.0000	0.0000	0.0000	0.0000	0.0000	0.0000	1.6786	-1.0000	0.0000	0.0000	-1.0000	1.0000	-0.2427	0.1461	0.0000	0.0000	0.0000	0.0000	1.0000	0.0085	nan	2.0000	nan	0.0000	nan	0.6267	0.0000	0.0000	-1.0000	0.2037	0.0000	0.0000	1.0000	1.0000	1.8502	1.0000	nan	0.0000	nan	0.0000
F07_post1_pre2	GSM9245368_F07_post1_pre2	0.8660	0.0000	0.0000	0.0000	0.9566	-0.3299	0.0000	0.3802	0.0000	-0.8213	1.0000	-1.0000	1.0000	1.0000	0.0000	0.0000	-1.0000	-1.0000	-1.0000	-1.0000	1.0000	1.0000	0.0000	0.0000	nan	0.0000	nan	-0.6667	nan	1.0000	-0.1458	0.0000	-1.0000	0.0000	0.0000	0.0000	0.0000	0.0000	0.0000	0.0000	nan	0.0000	nan	0.0000
F08_post	GSM9245369_F08_post	0.0000	0.2970	0.0000	0.6229	0.0000	0.2639	0.0000	0.8824	0.0000	0.0000	0.3627	-0.6121	0.0000	0.0000	0.0000	0.0000	-1.0000	0.0000	0.0000	0.0000	0.0000	0.0000	0.0000	-0.0709	nan	0.0000	nan	-0.2381	nan	0.0000	-1.0000	-1.0000	0.0000	0.0000	0.0000	-0.6709	1.0000	1.0000	-0.3927	-1.0000	nan	0.0000	nan	-1.0000
F09_post	GSM9245370_F09_post	-0.8676	1.3981	1.0000	0.4126	1.0000	0.4428	-1.0000	-1.0000	1.0000	1.0000	3.0000	-0.6724	1.0000	1.1921	-1.0000	3.0000	-0.5920	1.0000	-1.0000	-1.0000	-0.9027	0.0542	1.0000	1.0000	nan	-1.0000	nan	-0.3571	nan	-1.0000	0.2384	-1.0000	1.0000	1.0000	1.0000	0.0415	1.0000	1.0000	1.0000	1.0000	nan	2.0000	nan	1.0000
F10_post	GSM9245371_F10_post	0.0000	0.0000	0.0000	0.0000	0.0000	0.0000	0.0000	0.0000	0.0000	0.0000	-0.1036	0.0000	0.0000	0.0000	0.0000	0.0000	0.0000	0.0000	0.0000	0.0000	0.0000	0.0000	0.0000	0.0000	nan	0.0000	nan	0.0000	nan	0.0000	0.0000	0.0000	1.0000	1.0000	0.0000	0.0000	1.0000	1.0000	0.0000	0.0000	nan	0.0000	nan	0.0000
F12_post	GSM9245372_F12_post	0.0000	2.1340	0.5959	-0.6389	0.0000	-0.3770	0.0000	-0.4851	0.6000	1.0000	3.0000	-0.7804	3.0000	3.0000	1.0000	1.5992	0.0000	0.0000	-0.3611	-0.1778	2.0000	0.0277	1.0000	1.0000	nan	-0.2088	nan	0.2738	nan	0.2763	1.0000	-0.5356	1.0000	0.6667	1.0000	3.0000	0.5455	1.0000	2.0000	2.0000	nan	2.0000	nan	-0.6000
F12_pre	GSM9245373_F12_pre	0.0000	0.5670	0.0000	0.0000	0.0000	-0.3770	0.0000	-0.5515	0.0000	0.0000	2.0000	-0.8353	2.0000	1.8180	1.0000	1.0000	0.0000	0.0000	-0.3979	-0.1359	1.0000	0.4982	0.0000	-0.0709	nan	-0.2088	nan	0.1786	nan	0.0133	1.0000	-0.5356	1.0000	0.4444	1.0000	3.0000	1.0000	1.0000	0.7571	1.0000	nan	1.0000	nan	-1.0000
F15_pre	GSM9245374_F15_pre	1.6814	1.0851	-0.2824	0.6014	1.5350	0.0566	1.7563	0.4548	2.4842	0.6743	0.9292	1.3429	2.2909	0.1099	1.0521	2.7466	-0.7476	1.5950	-0.2356	0.7676	0.0000	-0.0122	1.3168	0.3475	nan	0.4835	nan	-0.6548	nan	-0.0423	0.7959	1.0000	1.0000	0.7942	1.4615	2.1228	2.0000	1.7990	1.0000	1.3485	nan	0.0000	nan	2.0000
F16_post1_pre2	GSM9245375_F16_post1_pre2	0.0000	0.6770	0.0000	-0.2623	0.0000	0.0189	0.0000	0.0000	1.0000	0.0853	1.8463	-0.4041	0.0000	0.0000	0.1422	1.7092	0.0000	0.0000	0.0000	0.0000	0.0000	0.0000	0.0000	0.0000	nan	0.0000	nan	0.0000	nan	0.0000	0.0000	0.0000	0.0000	0.0000	0.0000	-0.0319	0.0000	0.7763	-1.0000	0.0000	nan	1.0000	nan	0.0000
F16_pre	GSM9245376_F16_pre	-0.0050	0.4013	1.0000	0.8319	0.0000	0.0189	0.1261	-0.1937	1.0000	0.1318	1.6563	-0.4041	0.0701	0.0000	0.0000	0.7959	0.0000	0.0000	0.0000	-0.0763	-0.2178	-0.1349	0.0000	0.1215	nan	0.0000	nan	0.0000	nan	0.0000	-1.0000	-1.0000	-1.0000	0.5190	0.0000	-0.0479	0.0000	0.5708	-1.0000	1.0000	nan	0.0000	nan	-1.0000
F17_post	GSM9245377_F17_post	-0.9328	0.0000	0.0000	0.0000	0.7753	0.0000	0.0000	0.0000	0.0000	1.0000	1.0000	-0.7462	-1.0000	-1.0000	-1.0000	0.8878	-1.0000	-1.0000	-0.2880	-0.9332	0.0000	0.0000	0.0000	-0.7036	nan	0.0000	nan	0.0000	nan	1.3684	0.0000	0.0000	0.0000	0.0000	0.0000	0.0000	1.0000	0.2237	0.0000	0.4021	nan	-1.0000	nan	-0.1333
F18_post	GSM9245378_F18_post	0.1017	0.6122	0.0000	0.0000	0.0000	0.9331	0.0000	0.0000	0.0000	0.0000	0.7927	0.0819	0.0000	-0.0202	-0.8294	0.0000	-1.0000	0.0000	-0.2356	-0.9488	0.0000	0.1845	0.0000	0.0000	nan	0.0000	nan	0.0000	nan	1.5132	0.0000	0.0000	1.0000	0.0000	0.0000	0.0000	0.0000	0.0000	0.0000	0.5094	nan	0.0000	nan	1.0000
F20_post1_pre2	GSM9245379_F20_post1_pre2	1.0000	-1.0000	0.0000	0.0000	1.0000	1.0000	0.0000	0.0000	0.0000	0.0000	0.6563	0.0000	-1.0000	-1.0000	-1.0000	1.0000	-1.0000	-1.0000	-1.0000	-1.0000	0.0000	0.0000	0.0000	-0.5769	nan	2.0000	nan	0.0000	nan	1.1842	0.0000	0.0000	0.0000	0.0000	-1.0000	-1.0000	1.0000	1.0000	2.0000	2.0000	nan	-1.0000	nan	0.0000
F22_post	GSM9245380_F22_post	-1.0000	1.5612	0.0000	0.0000	0.0000	0.0000	-1.0000	-1.0000	1.0000	1.0000	2.0000	-0.4572	1.0000	1.0000	-0.2683	3.0000	-1.0000	2.0000	0.0000	0.0000	-1.0000	-1.0000	3.0000	0.0256	nan	1.0000	nan	0.0000	nan	1.0000	0.0000	0.0000	0.0000	0.6690	-1.0000	-1.0000	0.0000	-0.3271	0.0000	0.0000	nan	-1.0000	nan	1.0000
F23_post	GSM9245381_F23_post	0.0000	0.8980	0.7725	-0.0962	-0.7553	-0.4251	0.4468	-0.8603	0.0000	0.4715	1.0000	-0.8902	0.5567	-0.6360	-0.5166	0.6365	-0.6216	0.2090	-0.5525	-0.2985	-0.8605	0.9283	2.0000	0.3806	nan	-1.0000	nan	0.0000	nan	0.1579	1.0000	-0.5116	1.0000	1.0000	1.0000	0.1054	1.0000	0.8174	-0.2146	0.7855	nan	0.0000	nan	-1.0000
F25_post	GSM9245382_F25_post	0.0000	0.0000	0.0000	0.0000	0.0000	0.0000	0.0000	0.0000	0.0000	0.0000	-0.1036	0.0000	0.0000	0.0000	0.0000	0.0000	0.0000	0.0000	0.0000	0.0000	0.0000	0.0000	0.0000	0.0000	nan	0.0000	nan	0.0000	nan	0.0000	0.0000	0.0000	0.0000	0.0000	0.0000	0.0000	1.0000	1.0000	0.0000	0.0000	nan	0.0000	nan	0.0000
F26_post	GSM9245383_F26_post	0.0000	1.0000	0.0000	0.0000	0.0000	0.0000	0.0000	0.0000	0.0000	0.0000	1.4286	-0.2170	0.0000	0.0000	0.2330	2.7839	0.0000	0.0000	-1.0000	-1.0000	0.0000	-0.3114	0.0000	0.0000	nan	0.0000	nan	0.0000	nan	0.0000	-0.2963	0.0000	0.0000	0.7595	0.0000	0.0000	2.0000	1.1355	0.0000	0.0000	nan	0.0000	nan	0.0000
F27_post1_pre2	GSM9245384_F27_post1_pre2	0.0000	0.0000	0.0000	0.0000	0.0000	0.0000	-0.6170	0.3209	1.2222	1.0000	1.6786	-1.0000	0.0000	2.0000	-1.0000	2.6739	-0.0680	1.0000	0.0000	-0.9332	0.0000	0.0000	0.0000	0.0000	nan	1.0000	nan	0.0000	nan	0.0000	0.0000	0.0000	0.0000	0.0000	1.0000	0.8403	1.0000	1.0000	1.0000	1.0000	nan	-1.0000	nan	0.0000
F28_post1_pre2	GSM9245385_F28_post1_pre2	0.0000	1.0000	0.0000	0.0000	0.0000	0.0000	0.0000	0.0000	0.0000	0.0000	0.7857	-1.0000	0.0000	0.0000	0.0000	0.0000	-1.0000	-0.8434	0.0000	0.0000	0.0000	0.0000	0.0000	0.0000	nan	0.0000	nan	0.0000	nan	0.0000	0.0000	0.0000	0.0000	0.0000	0.0000	0.0000	0.0000	0.0000	0.0000	0.0000	nan	0.0000	nan	0.0000
F29_post1_pre2	GSM9245386_F29_post1_pre2	0.0000	0.0000	0.0000	0.0000	1.0000	1.0000	0.0000	0.0000	0.0000	0.0000	0.7254	0.0000	0.0000	0.0000	0.0000	0.0000	-0.2427	0.0000	0.0000	-0.0708	0.0000	0.0000	0.0000	0.0000	nan	0.0000	nan	1.0000	nan	0.0263	0.0000	0.0000	0.0000	0.0000	0.0000	0.0000	1.0000	1.0000	1.0000	1.0000	nan	0.0000	nan	2.0000
F30_post	GSM9245387_F30_post	1.0000	1.0000	0.0000	-0.1345	1.0000	1.0000	0.0000	0.0000	0.7053	0.3410	-1.0000	-1.0000	1.0000	1.0000	0.0000	0.0000	-1.0000	-1.0000	-1.0000	-1.0000	1.0000	1.0000	0.0000	0.0000	nan	1.0000	nan	-0.2262	nan	1.0000	0.0000	0.0000	-1.0000	-0.4683	0.0000	0.0000	1.0000	1.0000	1.0000	1.0000	nan	1.0000	nan	-1.0000
F31_post	GSM9245388_F31_post	0.0000	0.0000	0.0000	-0.1009	0.0000	0.0000	0.0000	0.0000	0.0000	0.0000	-0.1036	0.0000	0.0000	0.0000	0.0000	0.0000	-1.0000	-0.8747	0.0000	0.0000	0.0000	0.0000	0.0000	0.0000	nan	0.0000	nan	0.0000	nan	0.1579	0.0000	0.0000	-1.0000	0.0000	0.0000	0.0000	1.0000	1.0000	1.0000	1.0000	nan	0.0000	nan	0.0000
R294_on	GSM9245389_R294_on	0.8366	1.0000	0.0000	0.0000	1.0000	1.0000	0.0000	0.0000	1.0000	1.0000	0.7772	-0.3815	3.0000	3.0000	0.0000	0.0000	0.0000	0.0000	0.0000	0.0000	0.0000	-0.2768	0.0000	-0.0607	nan	0.0000	nan	0.0000	nan	0.0000	0.0000	0.0000	0.0000	0.0000	0.0000	0.0000	2.0000	2.0000	2.0000	2.0000	nan	0.0000	nan	0.0000
R310_on2	GSM9245390_R310_on2	0.0000	2.0000	0.0000	0.0000	0.0000	0.0000	1.0000	1.0000	0.0000	0.0000	3.0000	-1.0000	-1.0000	-1.0000	0.0000	0.0000	-1.0000	-1.0000	0.0000	0.0000	0.0000	-0.3230	0.0000	0.0000	nan	2.0000	nan	0.0000	nan	1.0000	1.0000	1.0000	0.0000	0.0000	0.0000	0.0000	1.0000	1.0000	1.0000	1.0000	nan	1.0000	nan	1.0000
R310_pre	GSM9245391_R310_pre	0.0000	1.0000	0.0000	0.0000	0.0000	0.0000	1.0000	1.0000	0.0000	0.0000	2.7857	-1.0000	-1.0000	-1.0000	0.0000	0.0000	-1.0000	-1.0000	0.0000	0.0000	0.0000	-0.5652	-1.0000	-1.0000	nan	2.0000	nan	0.0000	nan	1.0000	1.0000	1.0000	0.0000	0.0000	-1.0000	-1.0000	1.0000	1.0000	1.0000	1.0000	nan	1.0000	nan	1.0000
R319_on	GSM9245392_R319_on	-0.1246	0.0000	0.0000	0.0000	0.0000	0.0000	0.0000	0.1148	0.0000	0.0000	0.8117	0.0000	1.0000	1.0000	0.0000	0.0000	0.0000	-0.2610	-0.2147	-1.0000	-0.7611	0.0000	0.0000	0.0000	nan	0.0000	nan	0.0000	nan	0.0000	0.0000	0.0000	0.0000	0.0000	-1.0000	0.0000	0.0000	0.0000	0.0000	0.0000	nan	0.0000	nan	0.0000
R319_pre	GSM9245393_R319_pre	0.0000	0.0000	0.0000	0.0000	0.0000	0.0000	0.0000	0.1076	2.0000	0.0000	1.0881	0.0000	1.0000	1.0000	0.0000	0.0000	0.0000	-0.2610	-0.2147	-1.0000	-0.7611	0.0000	0.0000	0.0000	nan	0.0000	nan	0.0000	nan	0.0000	0.0000	-0.3839	1.0000	1.0000	-1.0000	0.0000	1.0000	1.0000	0.0000	0.0000	nan	0.0000	nan	0.0000
R328_on	GSM9245394_R328_on	1.0000	1.0000	0.0000	0.0000	0.0000	0.0000	1.0000	1.3202	1.0000	-0.6941	-0.1036	-0.1181	1.0000	1.3236	1.0000	1.0000	-1.0000	-1.0000	-1.0000	-1.0000	-1.0000	-1.0000	0.0000	0.0000	nan	2.0000	nan	0.0000	nan	1.0000	0.0000	0.0000	1.0000	-0.1321	0.0000	1.8371	1.0000	1.0000	1.0000	1.0000	nan	1.0000	nan	0.0000
R329_on	GSM9245395_R329_on	2.0000	-1.0000	0.0000	0.0000	-1.0000	0.0000	0.0000	0.0000	0.0000	0.0000	0.5699	0.0000	-1.0000	0.0000	-1.0000	-1.0000	-1.0000	-1.0000	0.0000	0.0000	-1.0000	-1.0000	-1.0000	-1.0000	nan	-0.7444	nan	0.0000	nan	-1.0000	-1.0000	-1.0000	1.0000	1.0000	0.0000	0.0000	-1.0000	-0.2462	1.0000	1.0000	nan	-1.0000	nan	1.0000
R334_pre	GSM9245396_R334_pre	1.0000	1.0000	1.0000	1.0000	0.7553	1.0000	0.0000	0.0000	0.8222	-0.1938	0.0000	0.0000	3.0000	0.8022	-1.0000	-0.4794	1.0000	1.0000	1.0000	-0.5333	2.0000	-0.4387	3.0000	-0.4968	nan	0.0000	nan	-1.0000	nan	0.3289	1.0000	0.7623	0.0000	0.0000	1.0000	1.0000	1.0000	1.0000	3.0000	3.0000	nan	-1.0000	nan	1.0000
R354_pre	GSM9245397_R354_pre	0.0000	2.3571	1.0000	0.0000	0.4016	-1.0000	2.0000	-0.7762	1.0000	1.0000	2.0000	-1.0000	2.0000	0.0000	2.0000	2.0000	-1.0000	0.0000	-1.0000	-1.0000	-1.0000	0.7532	0.0000	-0.0607	nan	0.0000	nan	-1.0000	nan	-0.3947	1.0000	-1.0000	0.0000	0.0000	1.0000	1.0000	0.2424	1.0000	1.0000	1.0000	nan	-1.0000	nan	-1.0000
