sample	n_nuclei_raw	n_nuclei_qc	qc_kept_pct	antigen_presentation_sd	antigen_presentation_p90_p10	antigen_presentation_hi_pct	antigen_presentation_genes	ifng_response_sd	ifng_response_p90_p10	ifng_response_hi_pct	ifng_response_genes	proliferation_sd	proliferation_p90_p10	proliferation_hi_pct	proliferation_genes	emt_sd	emt_p90_p10	emt_hi_pct	emt_genes	hypoxia_sd	hypoxia_p90_p10	hypoxia_hi_pct	hypoxia_genes	tnf_nfkb_sd	tnf_nfkb_p90_p10	tnf_nfkb_hi_pct	tnf_nfkb_genes	ifna_response_sd	ifna_response_p90_p10	ifna_response_hi_pct	ifna_response_genes	inflammatory_sd	inflammatory_p90_p10	inflammatory_hi_pct	inflammatory_genes	tgf_beta_sd	tgf_beta_p90_p10	tgf_beta_hi_pct	tgf_beta_genes	il2_stat5_sd	il2_stat5_p90_p10	il2_stat5_hi_pct	il2_stat5_genes	glycolysis_sd	glycolysis_p90_p10	glycolysis_hi_pct	glycolysis_genes	oxphos_sd	oxphos_p90_p10	oxphos_hi_pct	oxphos_genes	mtorc1_sd	mtorc1_p90_p10	mtorc1_hi_pct	mtorc1_genes	pi3k_akt_mtor_sd	pi3k_akt_mtor_p90_p10	pi3k_akt_mtor_hi_pct	pi3k_akt_mtor_genes	apoptosis_sd	apoptosis_p90_p10	apoptosis_hi_pct	apoptosis_genes	angiogenesis_sd	angiogenesis_p90_p10	angiogenesis_hi_pct	angiogenesis_genes	p53_sd	p53_p90_p10	p53_hi_pct	p53_genes
GSM9245398_F01_on	11266	11053	98.11	0.209111	0.200703	8.432	196	0.191555	0.271302	12.313	196	0.255746	0.334522	11.056	322	0.24148	0.253167	8.649	200	0.115174	0.255498	25.152	200	0.153658	0.264302	17.172	199	0.202047	0.343523	16.846	96	0.152733	0.212909	12.494	200	0.183021	0.42858	28.228	54	0.138191	0.256876	18.8	198	0.113769	0.27611	26.997	198	0.130228	0.315289	26.373	200	0.144111	0.347371	25.749	197	0.160366	0.3824	25.758	105	0.134845	0.305233	24.039	159	0.23122	0.358945	15.389	36	0.117656	0.268151	25.631	196
GSM9245399_F01_pre	8461	8258	97.6	0.19596	0.472679	26.81	196	0.18782	0.443149	23.117	196	0.229804	0.318982	12.279	322	0.24046	0.386751	16.566	200	0.132094	0.325564	29.378	200	0.149555	0.310062	22.633	199	0.205512	0.486423	23.977	96	0.136892	0.276287	19.92	200	0.201884	0.506659	31.133	54	0.133488	0.322297	25.987	198	0.135526	0.347455	28.99	198	0.18652	0.478603	26.689	200	0.162863	0.403355	28.978	197	0.167662	0.425757	29.68	105	0.142725	0.355714	29.474	159	0.25089	0.495058	21.942	36	0.130158	0.316436	29.353	196
GSM9245400_F02_on	6083	5954	97.88	0.155397	0.207258	11.522	196	0.155838	0.287335	20.087	196	0.260599	0.626255	17.249	322	0.195334	0.248586	12.143	200	0.13949	0.313977	26.52	200	0.148918	0.304643	21.985	199	0.169658	0.353639	22.859	96	0.141137	0.21931	15.149	200	0.214899	0.534916	31.861	54	0.137707	0.321268	28.821	198	0.133131	0.334866	30.82	198	0.166043	0.409673	29.845	200	0.167494	0.429025	30.904	197	0.176962	0.456389	34.363	105	0.147749	0.355792	28.754	159	0.239536	0.327645	12.983	36	0.135508	0.337415	29.51	196
GSM9245401_F02_pre	10420	10095	96.88	0.171943	0.173745	8.192	196	0.146549	0.244063	16.285	196	0.253829	0.547535	15.711	322	0.223552	0.260363	10.263	200	0.124775	0.26835	24.715	200	0.14376	0.275938	20.495	199	0.153311	0.306347	21.793	96	0.149369	0.191632	10.966	200	0.190162	0.431696	29.004	54	0.12666	0.262536	23.507	198	0.118228	0.285308	28.757	198	0.142606	0.343006	26.944	200	0.153136	0.383908	29.5	197	0.15213	0.366273	30.609	105	0.127485	0.290712	26.696	159	0.242462	0.332371	12.818	36	0.119353	0.285141	28.975	196
GSM9245402_F03_post1_on2	15530	12658	81.51	0.157499	0.253356	13.414	196	0.16986	0.34938	19.458	196	0.24083	0.509612	17.23	322	0.295444	0.501916	12.624	200	0.145371	0.369069	32.272	200	0.144473	0.354208	28.646	199	0.189652	0.389007	21.646	96	0.138034	0.314925	22.12	200	0.246705	0.622393	32.865	54	0.151747	0.385792	34.326	198	0.149128	0.394021	35.006	198	0.125393	0.316662	29.08	200	0.172259	0.455191	33.236	197	0.182593	0.480023	35.961	105	0.147159	0.377222	32.406	159	0.25813	0.566917	18.02	36	0.142189	0.370136	34.445	196
GSM9245403_F03_post1_pre2	9285	9216	99.26	0.142111	0.203083	13.086	196	0.136337	0.264427	19.683	196	0.181189	0.276416	13.184	322	0.25337	0.278968	9.668	200	0.13191	0.316788	26.128	200	0.13775	0.284723	21.365	199	0.157486	0.333585	23.134	96	0.125611	0.224123	16.895	200	0.193454	0.44269	27.072	54	0.114561	0.26222	26.009	198	0.114145	0.28689	29.742	198	0.112779	0.28246	29.688	200	0.129214	0.324994	29.308	197	0.139366	0.3515	30.762	105	0.121326	0.287064	26.877	159	0.235324	0.430872	16.97	36	0.10964	0.271905	29.579	196
GSM9245404_F04_pre	11101	10780	97.11	0.142147	0.23243	14.963	196	0.176696	0.370392	21.15	196	0.225993	0.597135	27.477	322	0.22463	0.247984	8.961	200	0.121699	0.293093	27.672	200	0.156966	0.312798	20.798	199	0.215553	0.476138	22.746	96	0.13173	0.242864	17.403	200	0.197904	0.472231	28.581	54	0.116007	0.279895	27.69	198	0.119321	0.311956	29.852	198	0.143675	0.360298	27.013	200	0.15144	0.395811	29.61	197	0.148299	0.382367	31.058	105	0.130768	0.325953	28.154	159	0.230438	0.367392	15.965	36	0.127365	0.319184	28.831	196
GSM9245405_F05_pre	11369	11033	97.04	0.157209	0.338524	18.1	196	0.163912	0.351712	20.52	196	0.22857	0.598672	26.104	322	0.249057	0.388708	13.867	200	0.137692	0.345718	29.167	200	0.146562	0.329371	24.164	199	0.179103	0.39096	22.56	96	0.132039	0.281696	20.022	200	0.222907	0.572499	31.886	54	0.129583	0.323432	30.11	198	0.137993	0.363847	32.539	198	0.156594	0.407187	29.756	200	0.174817	0.461495	32.004	197	0.166964	0.439671	33.264	105	0.139534	0.358723	31.188	159	0.246864	0.47464	17.158	36	0.134704	0.346268	30.4	196
GSM9245406_F06_post1_pre2	3509	3439	98.01	0.097335	0.220596	25.443	196	0.107821	0.26749	28.555	196	0.144487	0.360478	28.817	322	0.132834	0.319406	27.624	200	0.115292	0.295507	30.765	200	0.104015	0.26985	30.125	199	0.131078	0.33227	30.474	96	0.094093	0.228951	26.868	200	0.192086	0.50154	32.248	54	0.108604	0.27864	30.561	198	0.118634	0.30814	32.044	198	0.145647	0.377972	32.858	200	0.133766	0.349886	32.219	197	0.148916	0.383125	32.597	105	0.123358	0.318573	31.637	159	0.19376	0.452904	26.897	36	0.111829	0.290171	31.114	196
GSM9245407_F07_post1_pre2	2689	2630	97.81	0.150884	0.378718	29.354	196	0.146819	0.36367	27.909	196	0.204694	0.336494	16.616	322	0.31031	0.681039	18.441	200	0.177339	0.409013	23.726	200	0.167469	0.397013	24.791	199	0.166618	0.408069	26.692	96	0.130395	0.331284	27.11	200	0.243236	0.633959	27.947	54	0.132477	0.338977	29.544	198	0.153778	0.382916	26.084	198	0.175242	0.405137	25.665	200	0.188	0.453842	25.627	197	0.169237	0.432639	30.722	105	0.152816	0.384971	27.148	159	0.276058	0.689263	22.167	36	0.145209	0.366555	26.578	196
GSM9245408_F08_post	13827	13827	100.0	0.12904	0.223919	16.207	196	0.133655	0.282995	23.743	196	0.186591	0.322428	16.887	322	0.214178	0.312509	14.537	200	0.12612	0.32009	31.619	200	0.142394	0.358119	31.308	199	0.157881	0.334221	24.3	96	0.122624	0.247176	20.901	200	0.198053	0.510024	31.959	54	0.125721	0.316379	31.793	198	0.123337	0.321253	32.704	198	0.12632	0.32829	31.829	200	0.139539	0.364399	32.61	197	0.156445	0.411182	32.827	105	0.128454	0.32775	32.176	159	0.216033	0.414057	19.874	36	0.122324	0.316992	32.263	196
GSM9245409_F09_post	9979	9916	99.37	0.165188	0.249062	14.068	196	0.22032	0.480776	21.037	196	0.20862	0.538267	24.395	322	0.191047	0.322457	18.445	200	0.130938	0.324159	28.459	200	0.165736	0.361044	23.538	199	0.287941	0.663124	21.37	96	0.143732	0.241547	16.307	200	0.198129	0.479034	28.55	54	0.127823	0.296149	26.129	198	0.129446	0.334591	29.205	198	0.156086	0.39077	26.987	200	0.154361	0.396038	29.024	197	0.159995	0.414318	29.841	105	0.136714	0.339849	27.955	159	0.202463	0.409858	22.388	36	0.126155	0.323121	29.135	196
GSM9245410_F10_post	5098	5082	99.69	0.179218	0.438081	25.718	196	0.167505	0.413047	27.253	196	0.196792	0.317464	17.434	322	0.237181	0.589326	29.221	200	0.137295	0.345573	27.824	200	0.164003	0.371396	24.833	199	0.184317	0.443574	26.466	96	0.142216	0.342568	25.305	200	0.222477	0.571459	30.362	54	0.143257	0.363973	29.122	198	0.133363	0.32581	28.119	198	0.162624	0.368358	25.836	200	0.175335	0.407888	25.049	197	0.191206	0.504197	29.654	105	0.152472	0.389219	28.65	159	0.238384	0.57077	27.312	36	0.142638	0.348318	26.505	196
GSM9245411_F12_post	11005	10870	98.77	0.200882	0.329377	13.275	196	0.217509	0.488487	24.775	196	0.227688	0.544799	24.637	322	0.20998	0.373009	25.363	200	0.180344	0.423009	30.515	200	0.175176	0.364315	23.827	199	0.241633	0.56974	25.842	96	0.169416	0.333996	25.612	200	0.248792	0.631382	34.489	54	0.177993	0.415018	33.68	198	0.166971	0.43033	33.882	198	0.159211	0.411618	30.764	200	0.195624	0.509529	32.898	197	0.210536	0.54125	36.21	105	0.166445	0.419583	33.763	159	0.233489	0.486414	24.131	36	0.154504	0.39267	34.204	196
GSM9245412_F12_pre	5728	5530	96.54	0.188437	0.487335	28.535	196	0.204474	0.474732	26.076	196	0.234115	0.464298	19.132	322	0.338871	0.843132	18.698	200	0.164403	0.419603	26.076	200	0.179883	0.425412	24.43	199	0.234283	0.527152	24.774	96	0.155572	0.382655	24.81	200	0.245223	0.626566	25.678	54	0.145417	0.381114	30.958	198	0.165021	0.424282	30.271	198	0.180271	0.446218	27.179	200	0.1862	0.474642	26.89	197	0.183047	0.488316	34.231	105	0.158606	0.411513	28.391	159	0.27685	0.678223	21.429	36	0.141061	0.366179	30.325	196
GSM9245413_F15_pre	7189	7105	98.83	0.163199	0.373565	19.451	196	0.174752	0.404886	21.14	196	0.233567	0.36129	13.174	322	0.212841	0.286004	12.09	200	0.137534	0.335695	29.402	200	0.145748	0.334867	24.757	199	0.193627	0.434422	22.167	96	0.139846	0.326675	19.986	200	0.210667	0.501807	29.289	54	0.132584	0.328649	27.6	198	0.130175	0.334026	31.513	198	0.16096	0.418703	32.54	200	0.15703	0.408675	32.372	197	0.162985	0.424704	32.175	105	0.13857	0.351031	30.5	159	0.224566	0.408596	17.284	36	0.126404	0.326702	32.048	196
GSM9245414_F16_post1_pre2	7423	7353	99.06	0.177631	0.212731	10.078	196	0.195179	0.421389	24.126	196	0.238217	0.424896	14.606	322	0.167172	0.350711	23.025	200	0.164132	0.420817	27.472	200	0.148277	0.33615	24.629	199	0.242825	0.569203	25.989	96	0.13903	0.254214	19.529	200	0.208878	0.529482	31.688	54	0.136495	0.324404	28.587	198	0.14286	0.372468	30.899	198	0.164706	0.41976	27.132	200	0.167793	0.433291	29.226	197	0.179946	0.470736	31.225	105	0.141475	0.350868	29.294	159	0.199857	0.452302	24.099	36	0.134953	0.351624	31.062	196
GSM9245415_F16_pre	10696	9576	89.53	0.158992	0.238601	13.168	196	0.178425	0.363842	20.008	196	0.242571	0.651015	21.168	322	0.218163	0.367428	17.993	200	0.150875	0.352712	25.261	200	0.188057	0.393254	19.977	199	0.211257	0.420251	20.019	96	0.160277	0.292731	18.202	200	0.225163	0.558374	29.919	54	0.147078	0.351084	25.94	198	0.133664	0.347459	30.524	198	0.123906	0.31049	30.096	200	0.15316	0.394876	30.044	197	0.16908	0.438873	32.822	105	0.145269	0.357056	28.06	159	0.242964	0.424326	18.317	36	0.130101	0.318325	29.219	196
GSM9245416_F17_post	11684	11682	99.98	0.149597	0.311575	19.106	196	0.19196	0.428112	21.846	196	0.204902	0.354718	17.172	322	0.241295	0.386187	13.303	200	0.1586	0.402856	30.628	200	0.192916	0.488361	32.82	199	0.233891	0.505888	21.195	96	0.145639	0.29541	19.252	200	0.222358	0.55882	31.604	54	0.130619	0.332233	31.339	198	0.135217	0.345643	30.303	198	0.123566	0.318646	31.108	200	0.179544	0.474841	33.582	197	0.1595	0.417967	32.726	105	0.14233	0.369548	33.325	159	0.235621	0.466673	18.25	36	0.131693	0.344172	32.563	196
GSM9245417_F18_post	3531	3531	100.0	0.112013	0.282361	31.577	196	0.122033	0.314903	33.503	196	0.120813	0.309588	34.806	322	0.132911	0.32893	33.248	200	0.128658	0.325157	35.372	200	0.125887	0.325249	34.608	199	0.14341	0.367893	33.248	96	0.102494	0.261471	32.71	200	0.182382	0.462797	33.277	54	0.117563	0.300135	34.664	198	0.121951	0.313474	34.749	198	0.126695	0.328397	34.693	200	0.133895	0.343381	35.514	197	0.146876	0.380969	34.919	105	0.129445	0.330408	34.268	159	0.195596	0.462596	28.745	36	0.122022	0.316338	34.41	196
GSM9245418_F20_post1_pre2	12437	12430	99.94	0.178808	0.3542	15.35	196	0.192988	0.423102	19.163	196	0.282702	0.538191	15.503	322	0.248229	0.364878	13.097	200	0.160052	0.41604	35.76	200	0.173116	0.405923	25.06	199	0.201836	0.458323	23.435	96	0.152129	0.303663	17.393	200	0.232933	0.602696	34.779	54	0.157007	0.399155	33.097	198	0.165248	0.440313	36.581	198	0.204232	0.540469	35.294	200	0.203037	0.539531	35.632	197	0.203647	0.545344	36.927	105	0.173077	0.452029	35.342	159	0.227359	0.445257	20.298	36	0.176797	0.470499	37.474	196
GSM9245419_F22_post	13907	13824	99.4	0.156685	0.356556	18.757	196	0.162318	0.352916	20.855	196	0.201497	0.439608	17.846	322	0.157739	0.340198	23.828	200	0.114698	0.289882	28.66	200	0.133252	0.303342	23.423	199	0.166301	0.379611	23.184	96	0.127678	0.271571	22.656	200	0.206016	0.537715	30.924	54	0.125575	0.320584	28.733	198	0.116703	0.301336	29.651	198	0.119914	0.297938	27.452	200	0.130237	0.327787	28.19	197	0.157117	0.409163	31.858	105	0.122683	0.309041	28.436	159	0.204531	0.487961	27.452	36	0.115601	0.2965	29.239	196
GSM9245420_F23_post	706	689	97.59	0.210421	0.350796	15.82	196	0.233816	0.462731	18.723	196	0.226062	0.501103	28.447	322	0.184993	0.419494	22.496	200	0.190776	0.466245	29.173	200	0.232304	0.494268	23.077	199	0.266496	0.552877	21.771	96	0.183748	0.334012	18.287	200	0.261351	0.685782	33.382	54	0.166043	0.399305	29.463	198	0.16854	0.438503	32.946	198	0.245407	0.592371	28.737	200	0.208096	0.533278	31.495	197	0.216379	0.564382	33.527	105	0.189928	0.473166	28.012	159	0.244462	0.512861	20.755	36	0.176315	0.441528	29.753	196
GSM9245421_F25_post	4814	4752	98.71	0.164801	0.429093	29.503	196	0.169899	0.432407	28.283	196	0.160588	0.341272	27.946	322	0.306645	0.374321	11.322	200	0.163745	0.374675	22.769	200	0.211261	0.464393	20.37	199	0.183462	0.457632	27.967	96	0.165761	0.41224	22.643	200	0.247166	0.566078	24.916	54	0.156593	0.402047	27.02	198	0.141896	0.338872	27.462	198	0.148833	0.379329	29.082	200	0.161901	0.41936	30.808	197	0.184294	0.483355	32.513	105	0.161712	0.394593	27.062	159	0.283498	0.525173	17.256	36	0.147882	0.350801	26.957	196
GSM9245422_F26_post	4875	4844	99.36	0.152882	0.38297	27.684	196	0.175652	0.437296	28.2	196	0.214221	0.432808	18.476	322	0.29627	0.607778	16.536	200	0.160286	0.409278	28.427	200	0.193311	0.498983	28.633	199	0.192441	0.467503	26.301	96	0.160655	0.415235	25.248	200	0.247893	0.595622	26.796	54	0.13836	0.360188	30.987	198	0.147432	0.358815	29.046	198	0.17591	0.400708	25.434	200	0.17761	0.44897	29.005	197	0.173518	0.460791	32.184	105	0.153469	0.392117	29.397	159	0.254213	0.616117	25.578	36	0.146975	0.358978	27.188	196
GSM9245423_F27_post1_pre2	2259	2096	92.78	0.168216	0.362075	20.277	196	0.17744	0.386908	22.376	196	0.29311	0.688692	15.792	322	0.184464	0.388181	24.618	200	0.158741	0.396029	27.433	200	0.204922	0.415075	19.227	199	0.200895	0.457765	24.189	96	0.170246	0.314644	16.985	200	0.245799	0.623084	33.063	54	0.145808	0.359249	27.672	198	0.170683	0.438494	31.202	198	0.247072	0.607228	27.529	200	0.213997	0.556264	31.25	197	0.195486	0.516352	34.351	105	0.163994	0.418746	29.151	159	0.215575	0.443269	21.613	36	0.158058	0.407769	29.771	196
GSM9245424_F28_post1_pre2	11275	11275	100.0	0.148	0.184266	11.344	196	0.143697	0.271808	21.809	196	0.22072	0.419708	17.322	322	0.216213	0.249172	9.1	200	0.120369	0.307265	31.14	200	0.127986	0.293589	26.146	199	0.156947	0.334834	24.922	96	0.127195	0.20505	17.188	200	0.19926	0.496563	31.033	54	0.129733	0.297055	28.452	198	0.121428	0.316033	30.803	198	0.139576	0.360606	29.685	200	0.144852	0.378132	30.945	197	0.164457	0.42999	31.956	105	0.134023	0.335991	30.093	159	0.205587	0.367454	19.698	36	0.120732	0.308604	30.146	196
GSM9245425_F29_post1_pre2	10794	10049	93.1	0.146617	0.25436	16.798	196	0.159908	0.361908	25.575	196	0.170286	0.360364	28.013	322	0.217634	0.284659	12.708	200	0.140903	0.363509	32.968	200	0.141177	0.349229	29.933	199	0.188307	0.434048	26.55	96	0.125601	0.255941	22.878	200	0.231871	0.580127	32.959	54	0.139123	0.350011	31.406	198	0.140599	0.370877	32.75	198	0.164311	0.428636	29.366	200	0.162973	0.426502	32.381	197	0.181881	0.48206	34.471	105	0.151546	0.391533	32.441	159	0.218768	0.38612	18.34	36	0.136182	0.357773	32.282	196
GSM9245426_F30_post	10874	10063	92.54	0.160495	0.38913	23.82	196	0.183979	0.445647	25.37	196	0.215268	0.432904	20.133	322	0.222554	0.445025	22.409	200	0.149218	0.388791	30.746	200	0.162363	0.386604	26.304	199	0.206103	0.513615	27.02	96	0.140118	0.344157	25.698	200	0.226461	0.574148	32.843	54	0.144214	0.37539	30.866	198	0.154032	0.410198	31.929	198	0.170642	0.441029	28.958	200	0.181969	0.480853	30.736	197	0.185916	0.492345	33.608	105	0.158017	0.407787	30.289	159	0.231171	0.520035	24.694	36	0.147836	0.389908	31.929	196
GSM9245427_F31_post	18760	18759	99.99	0.170627	0.413526	25.38	196	0.194132	0.49126	31.089	196	0.255426	0.642083	27.672	322	0.186874	0.432573	28.914	200	0.185676	0.482171	32.614	200	0.17335	0.434701	30.876	199	0.207137	0.53723	31.782	96	0.153595	0.365018	29.261	200	0.26972	0.708786	32.864	54	0.193556	0.498991	33.029	198	0.193811	0.51177	32.214	198	0.222708	0.597849	32.054	200	0.229713	0.613028	32.326	197	0.243202	0.643525	33.664	105	0.200747	0.529011	32.715	159	0.217719	0.471753	27.203	36	0.178018	0.473666	31.894	196
GSM9245428_R204_pre	16419	16418	99.99	0.152836	0.262952	14.508	196	0.149733	0.333434	23.986	196	0.258805	0.427477	13.12	322	0.226708	0.326444	14.545	200	0.14144	0.360737	31.094	200	0.143096	0.347635	28.189	199	0.170921	0.401656	26.678	96	0.123218	0.258169	22.816	200	0.225269	0.581206	35.157	54	0.139933	0.350664	31.38	198	0.149315	0.393167	32.903	198	0.171768	0.451306	33.603	200	0.183759	0.482571	31.849	197	0.177266	0.466843	34.261	105	0.153394	0.395701	33.183	159	0.220068	0.356825	16.123	36	0.130261	0.340679	32.927	196
GSM9245429_R294_on	10339	10311	99.73	0.163628	0.413324	27.223	196	0.180727	0.426714	24.246	196	0.210725	0.32828	15.372	322	0.239731	0.409211	18.417	200	0.13339	0.326942	29.91	200	0.147862	0.334563	23.489	199	0.205983	0.480949	25.158	96	0.132953	0.302751	20.949	200	0.212278	0.538473	32.402	54	0.12123	0.308905	30.724	198	0.14244	0.3689	32.771	198	0.155325	0.408765	31.471	200	0.16218	0.420392	31.762	197	0.159662	0.415938	33.712	105	0.136878	0.353663	32.16	159	0.248416	0.464146	16.264	36	0.12283	0.314372	30.948	196
GSM9245430_R308_pre	13794	13690	99.25	0.140608	0.351153	26.793	196	0.171361	0.419609	26.026	196	0.23308	0.434179	19.043	322	0.279781	0.464118	20.183	200	0.146794	0.378332	28.028	200	0.167035	0.373237	24.346	199	0.204319	0.505219	26.172	96	0.137833	0.330369	24.668	200	0.234122	0.598428	29.883	54	0.136103	0.352371	31.797	198	0.16673	0.442055	26.158	198	0.192101	0.496503	23.696	200	0.196787	0.513172	25.668	197	0.167744	0.444086	32.053	105	0.149648	0.382938	30.153	159	0.260051	0.510682	20.745	36	0.138562	0.361256	28.904	196
GSM9245431_R310_on1	11699	11699	100.0	0.186535	0.471165	29.148	196	0.21478	0.492207	21.327	196	0.225987	0.393043	13.745	322	0.301216	0.36488	9.77	200	0.137304	0.311127	28.447	200	0.183787	0.37847	17.694	199	0.204483	0.478083	23.07	96	0.16757	0.37112	17.13	200	0.219021	0.510773	31.293	54	0.129882	0.322066	27.156	198	0.135584	0.347919	33.028	198	0.132293	0.324219	28.165	200	0.145474	0.370232	31.721	197	0.16322	0.420901	34.388	105	0.136563	0.324724	28.088	159	0.272754	0.463096	17.113	36	0.122586	0.307637	30.917	196
GSM9245432_R310_on2	13871	13870	99.99	0.149303	0.382943	29.416	196	0.188121	0.443668	23.079	196	0.215592	0.417864	17.736	322	0.27448	0.384506	17.505	200	0.138037	0.3541	27.066	200	0.156956	0.35849	25.126	199	0.19142	0.477278	25.948	96	0.143888	0.319517	20.31	200	0.207023	0.517705	29.322	54	0.127648	0.328879	30.966	198	0.148077	0.386965	26.532	198	0.171674	0.43763	25.732	200	0.168421	0.437997	27.743	197	0.16334	0.428886	31.889	105	0.146907	0.382786	29.986	159	0.253328	0.434392	20.606	36	0.13341	0.349313	28.435	196
GSM9245433_R310_pre	13406	13406	100.0	0.153159	0.204579	11.659	196	0.144321	0.273909	20.23	196	0.197928	0.332174	15.359	322	0.238724	0.264243	8.809	200	0.117426	0.272466	27.249	200	0.14471	0.266113	19.133	199	0.146838	0.326674	25.578	96	0.13927	0.231279	15.859	200	0.194951	0.472801	29.524	54	0.124292	0.285828	26.906	198	0.113769	0.293191	30.568	198	0.116055	0.294908	29.867	200	0.12878	0.333852	30.852	197	0.150875	0.389458	31.374	105	0.127149	0.304476	27.331	159	0.227218	0.37279	16.157	36	0.109398	0.275958	30.061	196
GSM9245434_R319_on	13953	13681	98.05	0.152848	0.269518	15.927	196	0.190556	0.423101	21.87	196	0.205873	0.374456	15.598	322	0.202862	0.235161	11.001	200	0.12489	0.287231	25.729	200	0.143301	0.291288	20.576	199	0.232009	0.530013	23.332	96	0.133925	0.233626	17.067	200	0.178387	0.423344	27.871	54	0.120664	0.273545	25.795	198	0.114379	0.291668	29.559	198	0.130136	0.329081	28.156	200	0.134727	0.347447	29.859	197	0.143606	0.36491	30.539	105	0.125719	0.302125	28.039	159	0.207497	0.350995	17.55	36	0.109361	0.275963	29.83	196
GSM9245435_R319_pre	8821	8777	99.5	0.166903	0.370817	20.428	196	0.192169	0.435676	22.479	196	0.186667	0.355127	18.697	322	0.174574	0.249468	15.108	200	0.124455	0.285872	25.692	200	0.152367	0.311846	20.246	199	0.216305	0.503543	23.47	96	0.137283	0.276534	19.209	200	0.191243	0.460807	28.142	54	0.12862	0.302999	25.419	198	0.121556	0.305045	27.925	198	0.142701	0.348362	26.626	200	0.14272	0.355565	26.797	197	0.155115	0.396964	28.837	105	0.132272	0.328959	27.618	159	0.210397	0.375877	19.836	36	0.120136	0.308653	28.404	196
GSM9245436_R328_on	9629	9625	99.96	0.158156	0.239692	13.506	196	0.17018	0.324208	18.286	196	0.188317	0.33042	16.54	322	0.194231	0.247014	11.564	200	0.111416	0.26774	27.532	200	0.136533	0.25843	19.532	199	0.193337	0.40159	20.873	96	0.131823	0.22371	16.281	200	0.184331	0.447577	27.564	54	0.120002	0.276092	25.642	198	0.111782	0.285506	29.444	198	0.127228	0.318283	28.717	200	0.133892	0.338491	28.187	197	0.145089	0.372331	29.652	105	0.125859	0.302355	27.169	159	0.219454	0.363171	17.132	36	0.11283	0.278405	27.117	196
GSM9245437_R329_on	2735	2699	98.68	0.145821	0.344203	24.639	196	0.16776	0.420227	26.788	196	0.209614	0.393224	18.822	322	0.215205	0.479873	22.675	200	0.125302	0.315246	29.863	200	0.136937	0.332443	27.64	199	0.204924	0.506578	27.381	96	0.122115	0.30026	25.565	200	0.21162	0.540399	30.604	54	0.125851	0.314209	28.677	198	0.128658	0.331973	29.159	198	0.138299	0.345357	28.714	200	0.154462	0.390101	28.418	197	0.158389	0.415668	31.382	105	0.135274	0.346768	30.048	159	0.230117	0.517087	21.193	36	0.119367	0.305579	29.863	196
GSM9245438_R334_pre	15035	14954	99.46	0.142858	0.241005	15.808	196	0.158551	0.329022	20.336	196	0.239349	0.603318	20.449	322	0.213372	0.339533	14.899	200	0.140845	0.348891	28.701	200	0.134802	0.308618	25.552	199	0.194047	0.404548	20.764	96	0.119961	0.241725	20.222	200	0.2084	0.530087	32.774	54	0.119198	0.302203	31.39	198	0.125679	0.323568	32.118	198	0.140176	0.361109	30.647	200	0.159406	0.417043	31.757	197	0.164734	0.434197	33.757	105	0.129637	0.330657	31.109	159	0.225984	0.40168	17.347	36	0.128351	0.333436	32.005	196
GSM9245439_R354_pre	19519	19224	98.49	0.146402	0.278632	16.334	196	0.161864	0.336351	20.443	196	0.207375	0.542355	26.763	322	0.208785	0.253462	11.148	200	0.142448	0.326078	26.415	200	0.143221	0.302744	23.377	199	0.174028	0.390633	23.127	96	0.123119	0.243433	19.819	200	0.205465	0.517399	30.623	54	0.125672	0.311984	28.808	198	0.136097	0.35617	31.351	198	0.162758	0.420535	28.345	200	0.157482	0.414016	30.321	197	0.16586	0.438309	31.825	105	0.135827	0.343222	29.442	159	0.216677	0.380953	18.929	36	0.124525	0.318603	29.708	196
