library	sample	frac_AMP	frac_GAIN	frac_HETD	frac_HLAMP	frac_NEUT
F01_on	GSM9245359_F01_on	0.0166	0.1587	0.1979	0.0000	0.6268
F01_pre	GSM9245360_F01_pre	0.0203	0.1556	0.2000	0.0000	0.6241
F02_on	GSM9245361_F02_on	0.0037	0.2548	0.1796	0.0168	0.5451
F02_pre	GSM9245362_F02_pre	0.0000	0.2745	0.1077	0.0167	0.6010
F03_post1_on2	GSM9245363_F03_post1_on2	0.0200	0.5718	0.2842	0.1175	0.0064
F03_post1_pre2	GSM9245364_F03_post1_pre2	0.0207	0.2481	0.2900	0.0038	0.4374
F04_pre	GSM9245365_F04_pre	0.0137	0.0686	0.2874	0.0000	0.6303
F05_pre	GSM9245366_F05_pre	0.0000	0.1074	0.0433	0.0000	0.8494
F06_post1_pre2	GSM9245367_F06_post1_pre2	0.0568	0.1558	0.0729	0.0019	0.7126
F07_post1_pre2	GSM9245368_F07_post1_pre2	0.0000	0.2500	0.2235	0.0000	0.5265
F08_post	GSM9245369_F08_post	0.0000	0.1350	0.1283	0.0000	0.7367
F09_post	GSM9245370_F09_post	0.0450	0.4884	0.4057	0.0609	0.0000
F10_post	GSM9245371_F10_post	0.0000	0.0502	0.0022	0.0000	0.9476
F12_post	GSM9245372_F12_post	0.0926	0.2478	0.2051	0.1324	0.3221
F12_pre	GSM9245373_F12_pre	0.0764	0.2205	0.1498	0.0255	0.5279
F15_pre	GSM9245374_F15_pre	0.2150	0.3285	0.1045	0.0720	0.2800
F16_post1_pre2	GSM9245375_F16_post1_pre2	0.0453	0.1005	0.0626	0.0040	0.7876
F16_pre	GSM9245376_F16_pre	0.0148	0.2348	0.1383	0.0000	0.6121
F17_post	GSM9245377_F17_post	0.0374	0.1267	0.2971	0.0022	0.5366
F18_post	GSM9245378_F18_post	0.0203	0.1275	0.0963	0.0075	0.7483
F20_post1_pre2	GSM9245379_F20_post1_pre2	0.0567	0.2139	0.2710	0.0026	0.4557
F22_post	GSM9245380_F22_post	0.0870	0.2319	0.2865	0.0493	0.3453
F23_post	GSM9245381_F23_post	0.0314	0.2610	0.3117	0.0114	0.3845
F25_post	GSM9245382_F25_post	0.0000	0.0209	0.0022	0.0000	0.9769
F26_post	GSM9245383_F26_post	0.0288	0.0772	0.0813	0.0318	0.7809
F27_post1_pre2	GSM9245384_F27_post1_pre2	0.0523	0.2137	0.1288	0.0427	0.5625
F28_post1_pre2	GSM9245385_F28_post1_pre2	0.0000	0.0549	0.0872	0.0000	0.8579
F29_post1_pre2	GSM9245386_F29_post1_pre2	0.0110	0.1697	0.0129	0.0000	0.8064
F30_post	GSM9245387_F30_post	0.0000	0.4319	0.2220	0.0000	0.3462
F31_post	GSM9245388_F31_post	0.0000	0.0525	0.0643	0.0000	0.8832
R294_on	GSM9245389_R294_on	0.0436	0.2451	0.0344	0.0579	0.6190
R310_on2	GSM9245390_R310_on2	0.0701	0.1970	0.1596	0.0208	0.5525
R310_pre	GSM9245391_R310_pre	0.0338	0.2356	0.2445	0.0186	0.4675
R319_on	GSM9245392_R319_on	0.0041	0.0733	0.0725	0.0000	0.8501
R319_pre	GSM9245393_R319_pre	0.0265	0.1195	0.0747	0.0000	0.7793
R328_on	GSM9245394_R328_on	0.0841	0.3315	0.2107	0.0117	0.3620
R329_on	GSM9245395_R329_on	0.0450	0.0774	0.3929	0.0000	0.4847
R334_pre	GSM9245396_R334_pre	0.0318	0.4367	0.1647	0.0596	0.3072
R354_pre	GSM9245397_R354_pre	0.1436	0.1822	0.3308	0.0371	0.3063
