sample	library	n_clonotypes	total_cells	top1_frac	top10_frac	clonality	clones_for_50pct	n_inkt	n_mait
GSM9245440_F01_on	F01_on	136	137	0.014599	0.080292	0.000569	68	1	24
GSM9245441_F01_pre	F01_pre	1018	1023	0.001955	0.014663	0.000271	507	5	207
GSM9245442_F02_on	F02_on	2	2	0.5	1.0	0.0	1	0	0
GSM9245443_F02_pre	F02_pre	17	18	0.111111	0.611111	0.007009	8	0	2
GSM9245444_F03_post1_on2	F03_post1_on2	94	125	0.112	0.328	0.064716	32	1	21
GSM9245445_F03_post1_pre2	F03_post1_pre2	20	20	0.05	0.5	0.0	11	0	7
GSM9245446_F04_pre	F04_pre	97	129	0.062016	0.294574	0.043241	33	1	16
GSM9245447_F05_pre	F05_pre	347	406	0.027094	0.100985	0.016044	145	2	72
GSM9245448_F06_post1_pre2	F06_post1_pre2	4	7	0.571429	1.0	0.167751	1	0	2
GSM9245449_F07_post1_pre2	F07_post1_pre2	155	158	0.012658	0.082278	0.001418	77	1	42
GSM9245450_F08_post	F08_post	349	435	0.025287	0.131034	0.026016	132	1	65
GSM9245451_F09_post	F09_post	62	79	0.075949	0.341772	0.03114	23	1	16
GSM9245452_F10_post	F10_post	60	64	0.0625	0.21875	0.010689	28	0	15
GSM9245453_F12_post	F12_post	170	258	0.065891	0.341085	0.085629	41	0	23
GSM9245454_F12_pre	F12_pre	473	629	0.049285	0.189189	0.056106	159	3	90
GSM9245455_F15_pre	F15_pre	15	15	0.066667	0.666667	0.0	8	0	3
GSM9245456_F16_post1_pre2	F16_post1_pre2	21	24	0.125	0.541667	0.020219	9	0	4
GSM9245457_F16_pre	F16_pre	64	71	0.056338	0.239437	0.014373	29	1	10
GSM9245458_F17_post	F17_post	219	276	0.072464	0.184783	0.038431	81	2	48
GSM9245459_F18_post	F18_post	12	12	0.083333	0.833333	0.0	7	0	3
GSM9245460_F20_post1_pre2	F20_post1_pre2	350	476	0.039916	0.161765	0.040521	113	0	65
GSM9245461_F22_post	F22_post	145	649	0.238829	0.650231	0.280846	5	1	27
GSM9245462_F23_post	F23_post	4	4	0.25	1.0	0.0	2	0	1
GSM9245463_F25_post	F25_post	169	297	0.047138	0.249158	0.059456	36	0	28
GSM9245464_F26_post	F26_post	151	190	0.031579	0.2	0.025139	56	0	30
GSM9245465_F27_post1_pre2	F27_post1_pre2	2	2	0.5	1.0	0.0	1	0	0
GSM9245466_F28_post1_pre2	F28_post1_pre2	21	22	0.090909	0.5	0.005417	10	0	4
GSM9245467_F29_post1_pre2	F29_post1_pre2	88	105	0.104762	0.257143	0.040249	36	0	12
GSM9245468_F30_post	F30_post	349	949	0.060063	0.3804	0.15883	23	2	89
GSM9245469_F31_post	F31_post	2129	2169	0.003227	0.015675	0.001606	1045	20	528
GSM9245470_R204_pre	R204_pre	159	215	0.037209	0.195349	0.029901	52	0	36
GSM9245471_R294_on	R294_on	225	349	0.143266	0.332378	0.11345	51	3	42
GSM9245472_R308_pre	R308_pre	423	744	0.026882	0.173387	0.062303	81	1	74
GSM9245473_R310_on1	R310_on1	369	1660	0.116867	0.400602	0.208422	17	0	58
GSM9245474_R310_on2	R310_on2	971	4463	0.168048	0.396818	0.272492	19	1	170
GSM9245475_R310_pre	R310_pre	53	110	0.436364	0.609091	0.2745	4	0	9
GSM9245476_R319_on	R319_on	172	293	0.075085	0.327645	0.082638	31	2	46
GSM9245477_R319_pre	R319_pre	113	148	0.040541	0.182432	0.02046	40	0	20
GSM9245478_R328_on	R328_on	10	13	0.230769	1.0	0.042474	4	0	1
GSM9245479_R329_on	R329_on	3	3	0.333333	1.0	0.0	2	0	0
GSM9245480_R334_pre	R334_pre	65	112	0.080357	0.428571	0.072127	15	1	14
GSM9245481_R354_pre	R354_pre	647	917	0.022901	0.104689	0.035279	189	3	104
