library	sample	modal_cn	cna_burden	n_segments	n_arms_altered	cn_dosage_ifng_response	cn_dosage_antigen_presentation	cn_dosage_proliferation	cn_dosage_emt	cn_dosage_hypoxia	cn_dosage_tnf_nfkb
F01_on	GSM9245359_F01_on	2	0.3732	37	15	0.0	0.0	0.0	0.0	0.0	0.0
F01_pre	GSM9245360_F01_pre	2	0.3759	38	15	0.0	0.0	0.0	0.0	0.0	0.0
F02_on	GSM9245361_F02_on	2	0.4549	34	18	0.0	0.0	0.0	0.0	0.0	0.0
F02_pre	GSM9245362_F02_pre	2	0.399	33	15	0.0	0.0	0.0	0.0	0.0	0.0
F03_post1_on2	GSM9245363_F03_post1_on2	3	0.9936	59	39	1.0	1.0	1.0	1.0	1.0	1.0
F03_post1_pre2	GSM9245364_F03_post1_pre2	2	0.5626	60	22	0.0	0.0	0.0	0.0	0.0	0.0
F04_pre	GSM9245365_F04_pre	2	0.3697	40	21	-0.1487	-0.1487	-0.1487	-0.0826	-0.0826	-0.1487
F05_pre	GSM9245366_F05_pre	2	0.1506	29	10	0.0	0.0	0.0	0.0	0.0	0.0
F06_post1_pre2	GSM9245367_F06_post1_pre2	2	0.2874	39	13	0.0	0.0	0.0	0.0	0.0	0.0
F07_post1_pre2	GSM9245368_F07_post1_pre2	2	0.4735	34	18	0.0	0.0	0.0	0.0	0.0	0.0
F08_post	GSM9245369_F08_post	2	0.2633	34	15	0.0	0.0	0.0	0.0	0.0	0.0
F09_post	GSM9245370_F09_post	3	1.0	40	36	1.0	1.0	1.0	1.0	1.0	1.0
F10_post	GSM9245371_F10_post	2	0.0524	24	4	0.0	0.0	0.0	0.0	0.0	0.0
F12_post	GSM9245372_F12_post	2	0.6779	60	31	0.5959	0.6	0.6	0.6	0.5959	0.6
F12_pre	GSM9245373_F12_pre	2	0.4721	55	24	0.0133	0.0133	0.0133	0.0133	0.0133	0.0133
F15_pre	GSM9245374_F15_pre	3	0.72	104	32	0.9292	1.0	1.0	1.0	0.9292	1.0
F16_post1_pre2	GSM9245375_F16_post1_pre2	2	0.2124	41	9	0.0	0.0	0.0	0.0	0.0	0.0
F16_pre	GSM9245376_F16_pre	2	0.3879	60	15	0.0	0.0	0.0	0.0	0.0	0.0
F17_post	GSM9245377_F17_post	2	0.4634	45	18	0.0	0.0	0.0	0.0	0.0	0.0
F18_post	GSM9245378_F18_post	2	0.2517	42	10	0.0	0.0	0.0	0.0	0.0	0.0
F20_post1_pre2	GSM9245379_F20_post1_pre2	2	0.5443	28	23	0.0	0.0	0.0	0.0	0.0	0.0
F22_post	GSM9245380_F22_post	2	0.6547	39	25	0.0	0.0	0.0	0.0	0.0	0.0
F23_post	GSM9245381_F23_post	2	0.6155	67	30	0.1579	0.1579	0.1579	0.1579	0.1579	0.1054
F25_post	GSM9245382_F25_post	2	0.0231	24	2	0.0	0.0	0.0	0.0	0.0	0.0
F26_post	GSM9245383_F26_post	2	0.2191	38	10	0.0	0.0	0.0	0.0	0.0	0.0
F27_post1_pre2	GSM9245384_F27_post1_pre2	2	0.4375	42	19	0.0	0.0	0.0	0.0	0.0	0.0
F28_post1_pre2	GSM9245385_F28_post1_pre2	2	0.1421	27	5	0.0	0.0	0.0	0.0	0.0	0.0
F29_post1_pre2	GSM9245386_F29_post1_pre2	2	0.1936	33	9	0.0	0.0	0.0	0.0	0.0	0.0
F30_post	GSM9245387_F30_post	3	0.6538	29	26	0.0	0.0	0.0	0.0	0.0	0.0
F31_post	GSM9245388_F31_post	2	0.1168	30	7	0.0	0.0	0.0	0.0	0.0	0.0
R294_on	GSM9245389_R294_on	2	0.381	29	15	0.0	0.0	0.0	0.0	0.0	0.0
R310_on2	GSM9245390_R310_on2	2	0.4475	25	20	0.0	0.0	0.0	0.0	0.0	0.0
R310_pre	GSM9245391_R310_pre	2	0.5325	27	24	0.0	0.0	0.0	0.0	0.0	0.0
R319_on	GSM9245392_R319_on	2	0.1499	36	7	0.0	0.0	0.0	0.0	0.0	0.0
R319_pre	GSM9245393_R319_pre	2	0.2207	34	13	0.0	0.0	0.0	0.0	0.0	0.0
R328_on	GSM9245394_R328_on	2	0.638	38	25	0.0	0.0	0.0	0.0	0.0	0.0
R329_on	GSM9245395_R329_on	2	0.5153	33	24	0.0	0.0	0.0	0.0	0.0	0.0
R334_pre	GSM9245396_R334_pre	3	0.6928	47	31	0.8022	0.8222	0.8022	0.8222	0.8022	0.8222
R354_pre	GSM9245397_R354_pre	1	0.6937	38	29	0.0	0.0	0.0	0.0	0.0	0.0
