sample	n_nuclei	n_genes_total	umi_p05	umi_p25	umi_p50	umi_p75	umi_p95	feat_p05	feat_p25	feat_p50	feat_p75	feat_p95	mt_p50	mt_p90	mt_p95	mt_p99
GSM9245398_F01_on	11266	36601	962.0	2874.0	4114.0	5658.5	10296.75	651.0	1779.0	2344.0	2928.0	4409.25	5.4627172668942	12.588425926111253	15.187421369352853	22.617546523768908
GSM9245399_F01_pre	8461	36601	712.0	2101.0	3852.0	6523.0	13770.0	494.0	1387.0	2197.0	3188.0	5198.0	5.026929982046679	12.495057334914986	15.418414220091872	26.313444485397728
GSM9245400_F02_on	6083	36601	683.0	1903.0	4886.0	9772.0	18186.999999999996	514.0	1201.0	2459.0	3846.5	5488.9	3.494347379239465	10.397879224981482	14.091584221285324	25.527104905442908
GSM9245401_F02_pre	10420	36601	1377.5500000000004	5169.0	8275.0	11851.0	20747.79999999999	939.9000000000001	2645.75	3673.0	4538.25	6153.049999999999	6.573886250852748	14.075234940842208	17.314608278703503	26.688883820252915
GSM9245402_F03_post1_on2	15530	36601	943.0	2178.0	8602.5	16328.75	31575.349999999988	658.0	1307.25	3631.0	5383.0	7547.199999999997	14.06961212698544	23.768754448701493	29.57000514613811	43.90563165050977
GSM9245403_F03_post1_pre2	9285	36601	746.0	2474.0	4295.0	5917.0	9874.599999999995	538.0	1540.0	2417.0	3012.0	4245.399999999998	2.320252076768834	8.408926516521452	11.27959707182094	18.33980642730687
GSM9245404_F04_pre	11101	36601	716.0	1905.0	3284.0	4931.0	10310.0	552.0	1302.0	2065.0	2800.0	4561.0	7.251908396946565	14.638986414287894	17.39705639159914	25.482233502538072
GSM9245405_F05_pre	11369	36601	634.0	1272.0	3128.0	6206.0	13197.400000000007	492.0	923.0	1909.0	3147.0	5122.0	7.7368421052631575	14.626700094902194	17.56694655983746	26.869654131578233
GSM9245406_F06_post1_pre2	3509	36601	1422.4	2602.0	4320.0	6923.0	15767.0	988.8	1639.0	2398.0	3417.0	5851.399999999998	12.398785425101215	15.96333082278266	17.531273742840916	21.759260337526356
GSM9245407_F07_post1_pre2	2689	36601	590.0	1148.0	2076.0	4404.0	18142.999999999996	425.4	787.0	1285.0	2199.0	5294.2	3.105441689360279	10.396574743571579	14.744830005782333	24.7075917079643
GSM9245408_F08_post	13827	36601	644.0	1530.5	3157.0	5060.0	9893.699999999977	517.0	1096.0	1975.0	2805.0	4391.699999999999	0.0	0.22061844592349494	0.7900301324411556	2.3039455289183453
GSM9245409_F09_post	9979	36601	669.0	1632.5	2781.0	4442.0	9347.500000000005	504.0	1138.0	1778.0	2549.0	4291.1	4.3111245100994875	8.83891166340008	11.11868763723895	17.62055498458376
GSM9245410_F10_post	5098	36601	568.0	1014.0	2137.0	4910.5	11440.899999999983	441.0	739.0	1362.0	2448.0	4233.299999999999	1.493024934136375	4.962915997664575	6.765681923881869	12.189315732710565
GSM9245411_F12_post	11005	36601	619.2	900.0	2078.0	12142.0	39029.59999999997	440.0	600.0	1214.0	4596.0	8368.599999999999	3.5109331690791503	9.387220747447872	12.811130638022734	21.882528279308943
GSM9245412_F12_pre	5728	36601	601.0	1284.0	2669.0	8048.5	25000.49999999999	431.0	849.75	1657.5	3578.5	7223.949999999999	3.5689790319419945	11.301707922061023	16.199347613743896	35.666175350672916
GSM9245413_F15_pre	7189	36601	611.0	1344.0	3855.0	8188.0	18484.999999999996	471.0	948.0	2212.0	3716.0	6001.599999999999	2.8729281767955803	9.726728554986243	12.4817142818973	21.14586629672677
GSM9245414_F16_post1_pre2	7423	36601	616.1	2161.0	5149.0	7788.5	16774.499999999993	469.0	1418.5	2979.0	3949.5	6278.799999999999	2.8103480364786897	8.695652173913043	11.01996300715409	19.187476519547495
GSM9245415_F16_pre	10696	36601	679.0	2293.25	5760.0	10022.0	22519.5	483.0	1332.0	2892.0	4252.0	6767.75	11.357702349869452	20.321935024482066	24.7632697980017	38.196499493275425
GSM9245416_F17_post	11684	36601	709.15	1674.0	4204.5	7663.0	16981.50000000001	532.0	1128.75	2235.5	3359.25	5381.85	3.0820509117623267	5.750756647134558	7.024064668118946	10.32737983806805
GSM9245417_F18_post	3531	36601	2357.5	3808.0	6599.0	11088.5	17743.5	1568.0	2303.0	3456.0	4817.5	6326.0	3.735944867609721	4.806070826306914	5.444578502858941	7.147799482231112
GSM9245418_F20_post1_pre2	12437	36601	594.0	1747.0	6164.0	11510.0	22275.79999999999	434.0	1178.0	3171.0	4755.0	6710.199999999999	0.03355029188753942	1.4789907482451392	2.568361361959153	6.112694713602329
GSM9245419_F22_post	13907	36601	579.0	917.0	1587.0	4299.5	10745.599999999991	445.0	686.5	1120.0	2406.0	4402.699999999999	5.141490633718613	9.029647357255563	10.65706344277114	16.868189141754517
GSM9245420_F23_post	706	36601	640.5	1055.25	2103.0	12965.25	74724.75	521.25	830.0	1423.0	4774.75	10664.75	2.9365842816176766	7.077661933759112	10.809448464036759	44.57754938982116
GSM9245421_F25_post	4814	36601	578.0	1136.75	2622.5	5246.0	15079.24999999997	381.0	709.0	1473.0	2404.75	4534.799999999996	1.6361871684580578	5.377292236415149	8.54770996037394	18.451774414784623
GSM9245422_F26_post	4875	36601	594.0	1410.0	2957.0	6748.5	15781.100000000002	427.0	879.0	1568.0	2682.0	4833.200000000001	1.1023622047244095	4.281275988813769	6.649305022387923	13.612242959149299
GSM9245423_F27_post1_pre2	2259	36601	624.0	1631.5	5575.0	16123.5	39644.299999999996	431.0	934.0	2572.0	5098.5	8048.2	5.637233579817312	16.05931098970894	25.111935683364248	66.49253822403948
GSM9245424_F28_post1_pre2	11275	36601	665.0	1579.0	3514.0	5333.0	11186.3	529.0	1122.5	2229.0	3023.0	4857.299999999999	0.0	0.026653895067793743	0.10756160514832683	1.1307563475581168
GSM9245425_F29_post1_pre2	10794	36601	575.0	1146.0	3294.0	6210.5	13837.050000000001	403.0	765.0	1872.0	3082.75	5089.700000000001	9.424835459682747	17.810037776578536	21.81002383577074	32.39284847405165
GSM9245426_F30_post	10874	36601	568.0	1109.0	2999.0	6892.5	19537.050000000017	405.0	776.0	1883.5	3611.0	6713.450000000003	10.35833553259303	19.045270849143915	21.356804352653793	27.877260186114093
GSM9245427_F31_post	18760	36601	540.0	762.0	1495.0	6314.25	28676.799999999974	350.0	473.0	896.0	3171.0	7718.0999999999985	0.3456221198156682	1.0033864449881043	1.4509226986249042	2.6765974696909702
GSM9245428_R204_pre	16419	36601	650.0	1708.0	3886.0	7697.5	16559.899999999987	535.0	1251.5	2394.0	3788.0	5784.0	0.0	0.37454088624115944	1.155115511551155	3.569996818326437
GSM9245429_R294_on	10339	36601	616.0	1319.5	2536.0	7209.0	15076.000000000004	476.0	945.0	1614.0	3444.5	5467.4000000000015	1.690045631232043	5.268915440277226	7.094810750614535	12.535517873510587
GSM9245430_R308_pre	13794	36601	582.0	969.0	1721.5	4150.0	19117.399999999994	476.6500000000001	760.0	1226.0	2352.5	6393.3499999999985	3.323481130922236	9.339702872955886	11.648441215695861	18.443356762045482
GSM9245431_R310_on1	11699	36601	827.0	2056.5	3979.0	12945.5	30786.800000000017	647.0	1405.0	2305.0	5030.0	7495.4000000000015	0.2642880740006607	2.3455629016542128	3.2337033203131846	6.160718841554882
GSM9245432_R310_on2	13871	36601	603.5	1114.0	1787.0	3665.0	13349.5	495.0	849.0	1281.0	2181.0	5248.0	1.1793611793611793	3.1092171717171717	3.9598169236846186	7.001668149241861
GSM9245433_R310_pre	13406	36601	657.0	1568.25	3489.5	5710.5	12648.5	539.0	1161.0	2217.0	3134.75	5098.75	0.0	0.30815058373099125	1.0200831925126739	2.8816154120512523
GSM9245434_R319_on	13953	36601	647.0	1479.0	2674.0	4132.0	7758.0	492.0	1028.0	1683.0	2326.0	3626.0	7.460212201591513	13.763902201530579	16.495041527396424	22.868320629537532
GSM9245435_R319_pre	8821	36601	538.0	774.0	1364.0	3066.0	8607.0	445.0	614.0	988.0	1848.0	3696.0	4.21455938697318	8.404802744425385	10.66571224051539	16.735857736964512
GSM9245436_R328_on	9629	36601	612.0	1184.0	2182.0	3758.0	7551.6	512.0	910.0	1505.0	2247.0	3636.6000000000004	1.1936339522546418	3.671828287635295	4.905609492988136	7.943516099431302
GSM9245437_R329_on	2735	36601	557.0	866.5	1595.0	3465.0	10394.399999999998	428.0	637.5	1094.0	2047.0	4340.699999999997	1.9651137116361228	9.085901974701219	12.78141341546343	21.736349092258067
GSM9245438_R334_pre	15035	36601	677.0	1859.0	4177.0	7037.0	14437.899999999998	526.0	1242.0	2343.0	3374.0	5162.0	4.600301659125189	9.351069741385672	11.448616036851327	17.22206809827285
GSM9245439_R354_pre	19519	36601	559.0	1021.0	2589.0	4979.5	11810.099999999999	424.0	733.0	1619.0	2673.0	4687.199999999997	8.112582781456954	13.042281336964004	15.419641134814587	21.597663924499187
