sample	IMPRES	orientation
GSM2069823	11	g1_low
GSM2069824	8	g1_low
GSM2069825	8	g1_low
GSM2069826	8	g1_low
GSM2069827	9	g1_low
GSM2069828	10	g1_low
GSM2069829	5	g1_low
GSM2069830	6	g1_low
GSM2069831	10	g1_low
GSM2069832	7	g1_low
GSM2069833	5	g1_low
GSM2069834	9	g1_low
GSM2069835	4	g1_low
GSM2069836	4	g1_low
GSM2069837	7	g1_low
GSM2069838	7	g1_low
GSM2069839	8	g1_low
GSM2069840	7	g1_low
GSM2069841	5	g1_low
GSM2069842	9	g1_low
GSM2069843	8	g1_low
GSM2069844	3	g1_low
GSM2069845	6	g1_low
GSM2069846	7	g1_low
GSM2069847	9	g1_low
GSM2069848	8	g1_low
GSM2069849	6	g1_low
GSM2069850	2	g1_low
