library	tcr_cells	tcr_clones	tcr_clonality	n_nuclei_qc	qc_kept_pct	state_ifng_response_sd	state_antigen_presentation_sd	state_proliferation_sd	state_emt_sd	state_hypoxia_sd	state_tnf_nfkb_sd
F01_pre	1023	1018	0.000271	8258	97.6	0.18782	0.19596	0.229804	0.24046	0.132094	0.149555
F05_pre	406	347	0.016044	11033	97.04	0.163912	0.157209	0.22857	0.249057	0.137692	0.146562
F08_post	435	349	0.026016	13827	100.0	0.133655	0.12904	0.186591	0.214178	0.12612	0.142394
F12_post	258	170	0.085629	10870	98.77	0.217509	0.200882	0.227688	0.20998	0.180344	0.175176
F12_pre	629	473	0.056106	5530	96.54	0.204474	0.188437	0.234115	0.338871	0.164403	0.179883
F17_post	276	219	0.038431	11682	99.98	0.19196	0.149597	0.204902	0.241295	0.1586	0.192916
F20_post1_pre2	476	350	0.040521	12430	99.94	0.192988	0.178808	0.282702	0.248229	0.160052	0.173116
F22_post	649	145	0.280846	13824	99.4	0.162318	0.156685	0.201497	0.157739	0.114698	0.133252
F25_post	297	169	0.059456	4752	98.71	0.169899	0.164801	0.160588	0.306645	0.163745	0.211261
F30_post	949	349	0.15883	10063	92.54	0.183979	0.160495	0.215268	0.222554	0.149218	0.162363
F31_post	2169	2129	0.001606	18759	99.99	0.194132	0.170627	0.255426	0.186874	0.185676	0.17335
R204_pre	215	159	0.029901	16418	99.99	0.149733	0.152836	0.258805	0.226708	0.14144	0.143096
R294_on	349	225	0.11345	10311	99.73	0.180727	0.163628	0.210725	0.239731	0.13339	0.147862
R308_pre	744	423	0.062303	13690	99.25	0.171361	0.140608	0.23308	0.279781	0.146794	0.167035
R310_on1	1660	369	0.208422	11699	100.0	0.21478	0.186535	0.225987	0.301216	0.137304	0.183787
R310_on2	4463	971	0.272492	13870	99.99	0.188121	0.149303	0.215592	0.27448	0.138037	0.156956
R319_on	293	172	0.082638	13681	98.05	0.190556	0.152848	0.205873	0.202862	0.12489	0.143301
R354_pre	917	647	0.035279	19224	98.49	0.161864	0.146402	0.207375	0.208785	0.142448	0.143221
