cohort	signature	orientation	n_PRCR	n_PD	n_total	auc_observed	ci_lo_boot	ci_hi_boot	hm_se	hm_lo	hm_hi	n_needed_upper_below_0.70	n_needed_upper_below_0.77	current_n_sufficient_for_0.70	pre_registration_site
GSE91061	IMPRES g1_low	g1_low	10	23	33	0.359	0.172	0.552	0.10164894828114356	0.15977172225583097	0.5582282777441689	6	6	True	docs/05 开发集
GSE91061	IMPRES g2_low	g2_low	10	23	33	0.659	0.452	0.843	0.1084039947421283	0.4465320744752992	0.8714679255247009	336	47	False	docs/05 开发集 镜像方向
GSE91061	IPS-MHC+CP	high_ips_responder	10	23	33	0.6043478260869565	0.3652173913043478	0.8217391304347826	0.11093988293048564	0.3869096510430884	0.8217860011308246	67	23	False	docs/09
GSE78220	IMPRES g1_low	g1_low	14	12	26	0.298	0.122	0.521	0.1051981761707398	0.09181536341766477	0.5041846365823353	6	6	True	docs/05 外部验证
GSE78220	IMPRES g2_low	g2_low	14	12	26	0.583	0.351	0.786	0.11333845013927349	0.3608607196113057	0.8051392803886942	46	19	False	docs/05 外部验证 镜像方向
GSE78220	IPS-MHC+CP	high_ips_responder	14	12	26	0.5833333333333334	0.3392857142857143	0.8214285714285714	0.11332108409289304	0.3612280897701066	0.8054385768965602	46	19	False	docs/09
GSE215868	IMPRES g1_low	g1_low	45	34	79	0.505	0.38	0.631	0.06597556911754397	0.3756902606397356	0.6343097393602644	18	10	True	**主比较** docs/07
GSE215868	IMPRES g2_low	g2_low	45	34	79	0.483	0.358	0.608	0.06606626574517484	0.3535124985160181	0.6124875014839819	15	9	True	**主比较** docs/07 镜像方向
GSE215868	IPS-MHC+CP	high_ips_responder	45	34	79	0.5908496732026144	0.4627287581699347	0.7143790849673203	0.06413380226134455	0.46514973054926756	0.7165496158559612	53	20	False	docs/09
