n_per_group	n_total	mdd_80	mdd_90	ci_width_at_mdd80
10	20	0.7910643013929968	0.8175936897363569	0.40725196882645687
12	24	0.7734501264908573	0.8001582040346766	0.38260653009069
23	46	0.7136756847278223	0.738957395217275	0.29897119941978756
24	48	0.7100120319411372	0.7351071054799503	0.2938450819147096
30	60	0.6914230909092494	0.7154015981249986	0.26783576783048707
34	68	0.681478074437569	0.7047453923713503	0.2539208785131781
40	80	0.6691083634033035	0.6913839479111539	0.23661339989622068
45	90	0.6605368106794554	0.6820575296194906	0.22462023650936616
50	100	0.6531528660261046	0.6739802673255535	0.21428875311071155
69	138	0.6322421492548156	0.6509000758149222	0.18503085190495155
100	200	0.6111793235941394	0.6273672006767901	0.15556012265953698
