cluster	celltype	overlap	marker_n_present	top_n	p_hyper	score_genes	final	is_final_choice	old_assigned	old_margin
0	T_CD8	2	8	30	2.1585656884924436e-05	0.216	T_reg	False	T_reg	1.315
0	T_CD4	2	8	30	2.1585656884924436e-05	0.383	T_reg	False	T_reg	1.315
0	T_reg	4	6	30	7.789730651841103e-12	1.698	T_reg	True	T_reg	1.315
0	NK	0	7	30	1.0	-0.262	T_reg	False	T_reg	1.315
0	B	0	7	30	1.0	-0.339	T_reg	False	T_reg	1.315
0	Plasma	0	7	30	1.0	0.014	T_reg	False	T_reg	1.315
0	Macrophage	0	8	30	1.0	-0.451	T_reg	False	T_reg	1.315
0	DC	0	7	30	1.0	-0.365	T_reg	False	T_reg	1.315
0	pDC	0	6	30	1.0	-0.099	T_reg	False	T_reg	1.315
0	Endothelial	0	7	30	1.0	-0.027	T_reg	False	T_reg	1.315
0	Fibroblast	0	7	30	1.0	0.015	T_reg	False	T_reg	1.315
0	Melanocyte	0	7	30	1.0	-0.619	T_reg	False	T_reg	1.315
1	T_CD8	0	8	30	1.0	0.338	T_CD4	False	T_CD4	0.329
1	T_CD4	1	8	30	0.007134440031157992	0.667	T_CD4	True	T_CD4	0.329
1	T_reg	0	6	30	1.0	-0.016	T_CD4	False	T_CD4	0.329
1	NK	0	7	30	1.0	-0.056	T_CD4	False	T_CD4	0.329
1	B	0	7	30	1.0	-0.164	T_CD4	False	T_CD4	0.329
1	Plasma	0	7	30	1.0	0.001	T_CD4	False	T_CD4	0.329
1	Macrophage	0	8	30	1.0	-0.077	T_CD4	False	T_CD4	0.329
1	DC	0	7	30	1.0	-0.226	T_CD4	False	T_CD4	0.329
1	pDC	0	6	30	1.0	-0.019	T_CD4	False	T_CD4	0.329
1	Endothelial	0	7	30	1.0	-0.018	T_CD4	False	T_CD4	0.329
1	Fibroblast	0	7	30	1.0	0.023	T_CD4	False	T_CD4	0.329
1	Melanocyte	0	7	30	1.0	-0.111	T_CD4	False	T_CD4	0.329
2	T_CD8	2	8	30	2.1585656884924436e-05	0.489	T_CD4	False	T_CD4	0.474
2	T_CD4	3	8	30	3.605629425175275e-08	0.964	T_CD4	True	T_CD4	0.474
2	T_reg	0	6	30	1.0	-0.031	T_CD4	False	T_CD4	0.474
2	NK	0	7	30	1.0	-0.098	T_CD4	False	T_CD4	0.474
2	B	0	7	30	1.0	-0.217	T_CD4	False	T_CD4	0.474
2	Plasma	0	7	30	1.0	0.004	T_CD4	False	T_CD4	0.474
2	Macrophage	0	8	30	1.0	-0.161	T_CD4	False	T_CD4	0.474
2	DC	0	7	30	1.0	-0.278	T_CD4	False	T_CD4	0.474
2	pDC	0	6	30	1.0	-0.045	T_CD4	False	T_CD4	0.474
2	Endothelial	0	7	30	1.0	-0.03	T_CD4	False	T_CD4	0.474
2	Fibroblast	0	7	30	1.0	0.021	T_CD4	False	T_CD4	0.474
2	Melanocyte	0	7	30	1.0	-0.312	T_CD4	False	T_CD4	0.474
3	T_CD8	1	8	30	0.007134440031157992	0.343	T_CD4	False	T_CD4	0.736
3	T_CD4	3	8	30	3.605629425175275e-08	1.079	T_CD4	True	T_CD4	0.736
3	T_reg	0	6	30	1.0	-0.026	T_CD4	False	T_CD4	0.736
3	NK	0	7	30	1.0	-0.124	T_CD4	False	T_CD4	0.736
3	B	0	7	30	1.0	-0.133	T_CD4	False	T_CD4	0.736
3	Plasma	0	7	30	1.0	-0.04	T_CD4	False	T_CD4	0.736
3	Macrophage	0	8	30	1.0	-0.195	T_CD4	False	T_CD4	0.736
3	DC	0	7	30	1.0	-0.274	T_CD4	False	T_CD4	0.736
3	pDC	0	6	30	1.0	-0.031	T_CD4	False	T_CD4	0.736
3	Endothelial	0	7	30	1.0	-0.028	T_CD4	False	T_CD4	0.736
3	Fibroblast	0	7	30	1.0	0.037	T_CD4	False	T_CD4	0.736
3	Melanocyte	0	7	30	1.0	-0.078	T_CD4	False	T_CD4	0.736
4	T_CD8	0	8	30	1.0	0.391	Unassigned	False	T_CD4	0.925
4	T_CD4	0	8	30	1.0	1.316	Unassigned	False	T_CD4	0.925
4	T_reg	0	6	30	1.0	-0.195	Unassigned	False	T_CD4	0.925
4	NK	0	7	30	1.0	-0.11	Unassigned	False	T_CD4	0.925
4	B	0	7	30	1.0	-0.131	Unassigned	False	T_CD4	0.925
4	Plasma	0	7	30	1.0	-0.073	Unassigned	False	T_CD4	0.925
4	Macrophage	0	8	30	1.0	-0.158	Unassigned	False	T_CD4	0.925
4	DC	0	7	30	1.0	-0.332	Unassigned	False	T_CD4	0.925
4	pDC	0	6	30	1.0	-0.084	Unassigned	False	T_CD4	0.925
4	Endothelial	0	7	30	1.0	0.078	Unassigned	False	T_CD4	0.925
4	Fibroblast	0	7	30	1.0	0.028	Unassigned	False	T_CD4	0.925
4	Melanocyte	0	7	30	1.0	-0.159	Unassigned	False	T_CD4	0.925
5	T_CD8	0	8	30	1.0	0.159	Unassigned	False	T_CD8	0.03
5	T_CD4	0	8	30	1.0	0.013	Unassigned	False	T_CD8	0.03
5	T_reg	0	6	30	1.0	0.128	Unassigned	False	T_CD8	0.03
5	NK	0	7	30	1.0	0.114	Unassigned	False	T_CD8	0.03
5	B	0	7	30	1.0	-0.16	Unassigned	False	T_CD8	0.03
5	Plasma	0	7	30	1.0	0.048	Unassigned	False	T_CD8	0.03
5	Macrophage	0	8	30	1.0	-0.098	Unassigned	False	T_CD8	0.03
5	DC	0	7	30	1.0	-0.105	Unassigned	False	T_CD8	0.03
5	pDC	0	6	30	1.0	0.082	Unassigned	False	T_CD8	0.03
5	Endothelial	0	7	30	1.0	-0.074	Unassigned	False	T_CD8	0.03
5	Fibroblast	0	7	30	1.0	-0.002	Unassigned	False	T_CD8	0.03
5	Melanocyte	0	7	30	1.0	-0.353	Unassigned	False	T_CD8	0.03
6	T_CD8	0	8	30	1.0	-0.068	T_CD4	False	T_CD4	0.589
6	T_CD4	2	8	30	2.1585656884924436e-05	0.676	T_CD4	True	T_CD4	0.589
6	T_reg	0	6	30	1.0	0.035	T_CD4	False	T_CD4	0.589
6	NK	0	7	30	1.0	-0.081	T_CD4	False	T_CD4	0.589
6	B	0	7	30	1.0	-0.067	T_CD4	False	T_CD4	0.589
6	Plasma	0	7	30	1.0	-0.014	T_CD4	False	T_CD4	0.589
6	Macrophage	0	8	30	1.0	-0.196	T_CD4	False	T_CD4	0.589
6	DC	0	7	30	1.0	-0.154	T_CD4	False	T_CD4	0.589
6	pDC	0	6	30	1.0	0.087	T_CD4	False	T_CD4	0.589
6	Endothelial	0	7	30	1.0	-0.012	T_CD4	False	T_CD4	0.589
6	Fibroblast	0	7	30	1.0	0.075	T_CD4	False	T_CD4	0.589
6	Melanocyte	0	7	30	1.0	-0.208	T_CD4	False	T_CD4	0.589
7	T_CD8	5	8	30	2.2533902392195734e-14	1.241	T_CD8	True	T_CD8	0.483
7	T_CD4	1	8	30	0.007134440031157992	-0.351	T_CD8	False	T_CD8	0.483
7	T_reg	0	6	30	1.0	-0.026	T_CD8	False	T_CD8	0.483
7	NK	3	7	30	2.254879903030611e-08	0.758	T_CD8	False	T_CD8	0.483
7	B	0	7	30	1.0	-0.732	T_CD8	False	T_CD8	0.483
7	Plasma	0	7	30	1.0	0.116	T_CD8	False	T_CD8	0.483
7	Macrophage	0	8	30	1.0	-0.379	T_CD8	False	T_CD8	0.483
7	DC	0	7	30	1.0	-0.287	T_CD8	False	T_CD8	0.483
7	pDC	1	6	30	0.005355456808997202	0.137	T_CD8	False	T_CD8	0.483
7	Endothelial	0	7	30	1.0	-0.276	T_CD8	False	T_CD8	0.483
7	Fibroblast	0	7	30	1.0	-0.041	T_CD8	False	T_CD8	0.483
7	Melanocyte	0	7	30	1.0	-1.006	T_CD8	False	T_CD8	0.483
8	T_CD8	0	8	30	1.0	-0.738	DC	False	DC	1.072
8	T_CD4	0	8	30	1.0	-0.599	DC	False	DC	1.072
8	T_reg	0	6	30	1.0	-0.316	DC	False	DC	1.072
8	NK	0	7	30	1.0	-0.047	DC	False	DC	1.072
8	B	0	7	30	1.0	-0.35	DC	False	DC	1.072
8	Plasma	0	7	30	1.0	-0.053	DC	False	DC	1.072
8	Macrophage	0	8	30	1.0	0.468	DC	False	DC	1.072
8	DC	3	7	30	2.254879903030611e-08	1.54	DC	True	DC	1.072
8	pDC	0	6	30	1.0	-0.128	DC	False	DC	1.072
8	Endothelial	0	7	30	1.0	-0.223	DC	False	DC	1.072
8	Fibroblast	0	7	30	1.0	-0.259	DC	False	DC	1.072
8	Melanocyte	0	7	30	1.0	-0.038	DC	False	DC	1.072
9	T_CD8	2	8	30	2.1585656884924436e-05	0.728	NK	False	T_CD8	0.035
9	T_CD4	0	8	30	1.0	-0.402	NK	False	T_CD8	0.035
9	T_reg	0	6	30	1.0	0.186	NK	False	T_CD8	0.035
9	NK	2	7	30	1.619825673725627e-05	0.693	NK	True	T_CD8	0.035
9	B	0	7	30	1.0	-0.508	NK	False	T_CD8	0.035
9	Plasma	0	7	30	1.0	0.099	NK	False	T_CD8	0.035
9	Macrophage	0	8	30	1.0	-0.172	NK	False	T_CD8	0.035
9	DC	0	7	30	1.0	-0.526	NK	False	T_CD8	0.035
9	pDC	1	6	30	0.005355456808997202	0.29	NK	False	T_CD8	0.035
9	Endothelial	0	7	30	1.0	-0.124	NK	False	T_CD8	0.035
9	Fibroblast	0	7	30	1.0	0.013	NK	False	T_CD8	0.035
9	Melanocyte	0	7	30	1.0	-0.649	NK	False	T_CD8	0.035
10	T_CD8	4	8	30	3.630699456172233e-11	1.189	T_CD8	True	T_CD8	0.543
10	T_CD4	0	8	30	1.0	-0.49	T_CD8	False	T_CD8	0.543
10	T_reg	1	6	30	0.005355456808997202	0.039	T_CD8	False	T_CD8	0.543
10	NK	2	7	30	1.619825673725627e-05	0.646	T_CD8	False	T_CD8	0.543
10	B	0	7	30	1.0	-0.68	T_CD8	False	T_CD8	0.543
10	Plasma	1	7	30	0.006245333234373861	0.308	T_CD8	False	T_CD8	0.543
10	Macrophage	0	8	30	1.0	-0.268	T_CD8	False	T_CD8	0.543
10	DC	0	7	30	1.0	-0.339	T_CD8	False	T_CD8	0.543
10	pDC	1	6	30	0.005355456808997202	0.031	T_CD8	False	T_CD8	0.543
10	Endothelial	0	7	30	1.0	-0.207	T_CD8	False	T_CD8	0.543
10	Fibroblast	0	7	30	1.0	-0.029	T_CD8	False	T_CD8	0.543
10	Melanocyte	0	7	30	1.0	-0.827	T_CD8	False	T_CD8	0.543
11	T_CD8	6	8	30	8.40525105062046e-18	1.257	T_CD8	True	T_CD8	0.819
11	T_CD4	1	8	30	0.007134440031157992	0.439	T_CD8	False	T_CD8	0.819
11	T_reg	0	6	30	1.0	-0.261	T_CD8	False	T_CD8	0.819
11	NK	1	7	30	0.006245333234373861	0.215	T_CD8	False	T_CD8	0.819
11	B	0	7	30	1.0	-0.447	T_CD8	False	T_CD8	0.819
11	Plasma	0	7	30	1.0	0.031	T_CD8	False	T_CD8	0.819
11	Macrophage	0	8	30	1.0	-0.234	T_CD8	False	T_CD8	0.819
11	DC	0	7	30	1.0	-0.273	T_CD8	False	T_CD8	0.819
11	pDC	0	6	30	1.0	-0.08	T_CD8	False	T_CD8	0.819
11	Endothelial	0	7	30	1.0	-0.251	T_CD8	False	T_CD8	0.819
11	Fibroblast	0	7	30	1.0	0.004	T_CD8	False	T_CD8	0.819
11	Melanocyte	0	7	30	1.0	-0.747	T_CD8	False	T_CD8	0.819
12	T_CD8	0	8	30	1.0	-0.38	Melanocyte	False	Melanocyte	0.276
12	T_CD4	0	8	30	1.0	-0.38	Melanocyte	False	Melanocyte	0.276
12	T_reg	0	6	30	1.0	-0.002	Melanocyte	False	Melanocyte	0.276
12	NK	0	7	30	1.0	0.027	Melanocyte	False	Melanocyte	0.276
12	B	0	7	30	1.0	-0.084	Melanocyte	False	Melanocyte	0.276
12	Plasma	0	7	30	1.0	0.025	Melanocyte	False	Melanocyte	0.276
12	Macrophage	0	8	30	1.0	0.351	Melanocyte	False	Melanocyte	0.276
12	DC	0	7	30	1.0	0.091	Melanocyte	False	Melanocyte	0.276
12	pDC	0	6	30	1.0	0.007	Melanocyte	False	Melanocyte	0.276
12	Endothelial	0	7	30	1.0	0.067	Melanocyte	False	Melanocyte	0.276
12	Fibroblast	0	7	30	1.0	0.07	Melanocyte	False	Melanocyte	0.276
12	Melanocyte	1	7	30	0.006245333234373861	0.628	Melanocyte	True	Melanocyte	0.276
13	T_CD8	0	8	30	1.0	-0.344	Unassigned	False	Melanocyte	0.752
13	T_CD4	0	8	30	1.0	-0.285	Unassigned	False	Melanocyte	0.752
13	T_reg	0	6	30	1.0	-0.1	Unassigned	False	Melanocyte	0.752
13	NK	0	7	30	1.0	-0.007	Unassigned	False	Melanocyte	0.752
13	B	0	7	30	1.0	0.003	Unassigned	False	Melanocyte	0.752
13	Plasma	0	7	30	1.0	0.133	Unassigned	False	Melanocyte	0.752
13	Macrophage	0	8	30	1.0	0.119	Unassigned	False	Melanocyte	0.752
13	DC	0	7	30	1.0	-0.026	Unassigned	False	Melanocyte	0.752
13	pDC	0	6	30	1.0	-0.162	Unassigned	False	Melanocyte	0.752
13	Endothelial	0	7	30	1.0	0.163	Unassigned	False	Melanocyte	0.752
13	Fibroblast	0	7	30	1.0	0.307	Unassigned	False	Melanocyte	0.752
13	Melanocyte	0	7	30	1.0	1.058	Unassigned	False	Melanocyte	0.752
14	T_CD8	0	8	30	1.0	0.123	Melanocyte	False	NK	0.335
14	T_CD4	1	8	30	0.007134440031157992	0.159	Melanocyte	False	NK	0.335
14	T_reg	0	6	30	1.0	-0.154	Melanocyte	False	NK	0.335
14	NK	0	7	30	1.0	0.494	Melanocyte	False	NK	0.335
14	B	0	7	30	1.0	-0.249	Melanocyte	False	NK	0.335
14	Plasma	0	7	30	1.0	-0.08	Melanocyte	False	NK	0.335
14	Macrophage	0	8	30	1.0	-0.063	Melanocyte	False	NK	0.335
14	DC	0	7	30	1.0	-0.209	Melanocyte	False	NK	0.335
14	pDC	0	6	30	1.0	0.143	Melanocyte	False	NK	0.335
14	Endothelial	0	7	30	1.0	-0.076	Melanocyte	False	NK	0.335
14	Fibroblast	0	7	30	1.0	-0.027	Melanocyte	False	NK	0.335
14	Melanocyte	1	7	30	0.006245333234373861	-0.134	Melanocyte	True	NK	0.335
15	T_CD8	0	8	30	1.0	-0.816	Macrophage	False	Macrophage	1.289
15	T_CD4	0	8	30	1.0	-1.317	Macrophage	False	Macrophage	1.289
15	T_reg	0	6	30	1.0	-0.41	Macrophage	False	Macrophage	1.289
15	NK	1	7	30	0.006245333234373861	-0.029	Macrophage	False	Macrophage	1.289
15	B	0	7	30	1.0	-0.825	Macrophage	False	Macrophage	1.289
15	Plasma	0	7	30	1.0	-0.158	Macrophage	False	Macrophage	1.289
15	Macrophage	4	8	30	3.630699456172233e-11	2.166	Macrophage	True	Macrophage	1.289
15	DC	3	7	30	2.254879903030611e-08	0.877	Macrophage	False	Macrophage	1.289
15	pDC	0	6	30	1.0	-0.283	Macrophage	False	Macrophage	1.289
15	Endothelial	0	7	30	1.0	-0.059	Macrophage	False	Macrophage	1.289
15	Fibroblast	0	7	30	1.0	-0.0	Macrophage	False	Macrophage	1.289
15	Melanocyte	0	7	30	1.0	-0.337	Macrophage	False	Macrophage	1.289
16	T_CD8	0	8	30	1.0	-1.103	DC	False	Macrophage	1.965
16	T_CD4	0	8	30	1.0	-1.419	DC	False	Macrophage	1.965
16	T_reg	0	6	30	1.0	-0.845	DC	False	Macrophage	1.965
16	NK	1	7	30	0.006245333234373861	-0.121	DC	False	Macrophage	1.965
16	B	0	7	30	1.0	-1.273	DC	False	Macrophage	1.965
16	Plasma	0	7	30	1.0	-0.431	DC	False	Macrophage	1.965
16	Macrophage	2	8	30	2.1585656884924436e-05	3.397	DC	False	Macrophage	1.965
16	DC	2	7	30	1.619825673725627e-05	1.431	DC	True	Macrophage	1.965
16	pDC	0	6	30	1.0	-0.568	DC	False	Macrophage	1.965
16	Endothelial	0	7	30	1.0	-0.177	DC	False	Macrophage	1.965
16	Fibroblast	0	7	30	1.0	-0.301	DC	False	Macrophage	1.965
16	Melanocyte	0	7	30	1.0	-1.492	DC	False	Macrophage	1.965
17	T_CD8	0	8	30	1.0	-1.078	pDC	False	pDC	2.541
17	T_CD4	0	8	30	1.0	-1.092	pDC	False	pDC	2.541
17	T_reg	0	6	30	1.0	-0.315	pDC	False	pDC	2.541
17	NK	0	7	30	1.0	-0.991	pDC	False	pDC	2.541
17	B	0	7	30	1.0	-0.461	pDC	False	pDC	2.541
17	Plasma	1	7	30	0.006245333234373861	2.245	pDC	False	pDC	2.541
17	Macrophage	0	8	30	1.0	-0.445	pDC	False	pDC	2.541
17	DC	0	7	30	1.0	-0.969	pDC	False	pDC	2.541
17	pDC	5	6	30	2.417349481635824e-15	4.786	pDC	True	pDC	2.541
17	Endothelial	0	7	30	1.0	-0.473	pDC	False	pDC	2.541
17	Fibroblast	0	7	30	1.0	-1.529	pDC	False	pDC	2.541
17	Melanocyte	0	7	30	1.0	-0.063	pDC	False	pDC	2.541
18	T_CD8	0	8	30	1.0	-1.079	B	False	B	0.559
18	T_CD4	0	8	30	1.0	-0.568	B	False	B	0.559
18	T_reg	0	6	30	1.0	0.002	B	False	B	0.559
18	NK	0	7	30	1.0	-0.401	B	False	B	0.559
18	B	2	7	30	1.619825673725627e-05	1.028	B	True	B	0.559
18	Plasma	0	7	30	1.0	-0.026	B	False	B	0.559
18	Macrophage	0	8	30	1.0	-0.08	B	False	B	0.559
18	DC	2	7	30	1.619825673725627e-05	0.469	B	False	B	0.559
18	pDC	1	6	30	0.005355456808997202	0.415	B	False	B	0.559
18	Endothelial	0	7	30	1.0	0.002	B	False	B	0.559
18	Fibroblast	0	7	30	1.0	-0.072	B	False	B	0.559
18	Melanocyte	0	7	30	1.0	0.075	B	False	B	0.559
19	T_CD8	0	8	30	1.0	-0.965	B	False	B	1.139
19	T_CD4	0	8	30	1.0	-0.508	B	False	B	1.139
19	T_reg	0	6	30	1.0	0.004	B	False	B	1.139
19	NK	0	7	30	1.0	-0.411	B	False	B	1.139
19	B	3	7	30	2.254879903030611e-08	1.577	B	True	B	1.139
19	Plasma	0	7	30	1.0	-0.145	B	False	B	1.139
19	Macrophage	0	8	30	1.0	-0.408	B	False	B	1.139
19	DC	1	7	30	0.006245333234373861	0.438	B	False	B	1.139
19	pDC	0	6	30	1.0	0.186	B	False	B	1.139
19	Endothelial	0	7	30	1.0	-0.019	B	False	B	1.139
19	Fibroblast	0	7	30	1.0	0.004	B	False	B	1.139
19	Melanocyte	0	7	30	1.0	-0.128	B	False	B	1.139
20	T_CD8	0	8	30	1.0	-0.268	Melanocyte	False	Melanocyte	0.331
20	T_CD4	0	8	30	1.0	-0.37	Melanocyte	False	Melanocyte	0.331
20	T_reg	0	6	30	1.0	0.02	Melanocyte	False	Melanocyte	0.331
20	NK	0	7	30	1.0	0.04	Melanocyte	False	Melanocyte	0.331
20	B	0	7	30	1.0	0.062	Melanocyte	False	Melanocyte	0.331
20	Plasma	0	7	30	1.0	-0.013	Melanocyte	False	Melanocyte	0.331
20	Macrophage	0	8	30	1.0	0.152	Melanocyte	False	Melanocyte	0.331
20	DC	0	7	30	1.0	0.125	Melanocyte	False	Melanocyte	0.331
20	pDC	0	6	30	1.0	0.049	Melanocyte	False	Melanocyte	0.331
20	Endothelial	0	7	30	1.0	0.008	Melanocyte	False	Melanocyte	0.331
20	Fibroblast	0	7	30	1.0	-0.061	Melanocyte	False	Melanocyte	0.331
20	Melanocyte	3	7	30	2.254879903030611e-08	0.483	Melanocyte	True	Melanocyte	0.331
21	T_CD8	0	8	30	1.0	-0.367	B	False	B	1.175
21	T_CD4	0	8	30	1.0	0.195	B	False	B	1.175
21	T_reg	0	6	30	1.0	-0.117	B	False	B	1.175
21	NK	0	7	30	1.0	-0.443	B	False	B	1.175
21	B	4	7	30	1.816476423205726e-11	1.397	B	True	B	1.175
21	Plasma	0	7	30	1.0	-0.082	B	False	B	1.175
21	Macrophage	0	8	30	1.0	-0.585	B	False	B	1.175
21	DC	2	7	30	1.619825673725627e-05	0.222	B	False	B	1.175
21	pDC	0	6	30	1.0	0.009	B	False	B	1.175
21	Endothelial	0	7	30	1.0	-0.041	B	False	B	1.175
21	Fibroblast	0	7	30	1.0	-0.025	B	False	B	1.175
21	Melanocyte	0	7	30	1.0	-0.279	B	False	B	1.175
22	T_CD8	0	8	30	1.0	0.369	T_CD4	False	T_CD4	0.743
22	T_CD4	1	8	30	0.007134440031157992	1.112	T_CD4	True	T_CD4	0.743
22	T_reg	0	6	30	1.0	-0.168	T_CD4	False	T_CD4	0.743
22	NK	0	7	30	1.0	-0.087	T_CD4	False	T_CD4	0.743
22	B	0	7	30	1.0	-0.203	T_CD4	False	T_CD4	0.743
22	Plasma	0	7	30	1.0	-0.021	T_CD4	False	T_CD4	0.743
22	Macrophage	0	8	30	1.0	-0.183	T_CD4	False	T_CD4	0.743
22	DC	0	7	30	1.0	-0.286	T_CD4	False	T_CD4	0.743
22	pDC	0	6	30	1.0	-0.039	T_CD4	False	T_CD4	0.743
22	Endothelial	0	7	30	1.0	0.035	T_CD4	False	T_CD4	0.743
22	Fibroblast	0	7	30	1.0	0.004	T_CD4	False	T_CD4	0.743
22	Melanocyte	0	7	30	1.0	0.051	T_CD4	False	T_CD4	0.743
23	T_CD8	0	8	30	1.0	-0.354	NK	False	NK	2.638
23	T_CD4	0	8	30	1.0	-0.115	NK	False	NK	2.638
23	T_reg	1	6	30	0.005355456808997202	-0.056	NK	False	NK	2.638
23	NK	5	7	30	8.455466678980037e-15	2.582	NK	True	NK	2.638
23	B	0	7	30	1.0	-0.436	NK	False	NK	2.638
23	Plasma	0	7	30	1.0	-0.358	NK	False	NK	2.638
23	Macrophage	0	8	30	1.0	-0.322	NK	False	NK	2.638
23	DC	0	7	30	1.0	-0.328	NK	False	NK	2.638
23	pDC	1	6	30	0.005355456808997202	-0.181	NK	False	NK	2.638
23	Endothelial	0	7	30	1.0	-0.314	NK	False	NK	2.638
23	Fibroblast	0	7	30	1.0	-0.778	NK	False	NK	2.638
23	Melanocyte	0	7	30	1.0	-0.52	NK	False	NK	2.638
24	T_CD8	0	8	30	1.0	0.698	Unassigned	False	T_CD8	0.254
24	T_CD4	0	8	30	1.0	-0.23	Unassigned	False	T_CD8	0.254
24	T_reg	0	6	30	1.0	0.443	Unassigned	False	T_CD8	0.254
24	NK	0	7	30	1.0	0.322	Unassigned	False	T_CD8	0.254
24	B	0	7	30	1.0	-0.507	Unassigned	False	T_CD8	0.254
24	Plasma	0	7	30	1.0	0.134	Unassigned	False	T_CD8	0.254
24	Macrophage	0	8	30	1.0	-0.304	Unassigned	False	T_CD8	0.254
24	DC	0	7	30	1.0	-0.243	Unassigned	False	T_CD8	0.254
24	pDC	0	6	30	1.0	0.06	Unassigned	False	T_CD8	0.254
24	Endothelial	0	7	30	1.0	-0.131	Unassigned	False	T_CD8	0.254
24	Fibroblast	0	7	30	1.0	-0.02	Unassigned	False	T_CD8	0.254
24	Melanocyte	0	7	30	1.0	-0.734	Unassigned	False	T_CD8	0.254
25	T_CD8	0	8	30	1.0	-0.763	B	False	Plasma	0.571
25	T_CD4	0	8	30	1.0	-0.873	B	False	Plasma	0.571
25	T_reg	0	6	30	1.0	-0.269	B	False	Plasma	0.571
25	NK	0	7	30	1.0	-0.448	B	False	Plasma	0.571
25	B	4	7	30	1.816476423205726e-11	1.489	B	True	Plasma	0.571
25	Plasma	3	7	30	2.254879903030611e-08	2.06	B	False	Plasma	0.571
25	Macrophage	0	8	30	1.0	-0.841	B	False	Plasma	0.571
25	DC	0	7	30	1.0	0.099	B	False	Plasma	0.571
25	pDC	1	6	30	0.005355456808997202	0.792	B	False	Plasma	0.571
25	Endothelial	0	7	30	1.0	-0.57	B	False	Plasma	0.571
25	Fibroblast	0	7	30	1.0	-1.012	B	False	Plasma	0.571
25	Melanocyte	0	7	30	1.0	-0.083	B	False	Plasma	0.571
26	T_CD8	0	8	30	1.0	-1.059	B	False	B	1.076
26	T_CD4	0	8	30	1.0	-0.682	B	False	B	1.076
26	T_reg	0	6	30	1.0	-0.054	B	False	B	1.076
26	NK	0	7	30	1.0	-0.489	B	False	B	1.076
26	B	4	7	30	1.816476423205726e-11	1.7	B	True	B	1.076
26	Plasma	0	7	30	1.0	0.011	B	False	B	1.076
26	Macrophage	0	8	30	1.0	-0.361	B	False	B	1.076
26	DC	2	7	30	1.619825673725627e-05	0.624	B	False	B	1.076
26	pDC	0	6	30	1.0	0.098	B	False	B	1.076
26	Endothelial	0	7	30	1.0	-0.064	B	False	B	1.076
26	Fibroblast	0	7	30	1.0	-0.108	B	False	B	1.076
26	Melanocyte	0	7	30	1.0	-0.162	B	False	B	1.076
27	T_CD8	0	8	30	1.0	-1.15	B	False	B	1.882
27	T_CD4	0	8	30	1.0	-0.819	B	False	B	1.882
27	T_reg	0	6	30	1.0	-0.334	B	False	B	1.882
27	NK	0	7	30	1.0	-0.534	B	False	B	1.882
27	B	6	7	30	2.1026026981392527e-18	2.593	B	True	B	1.882
27	Plasma	0	7	30	1.0	-0.189	B	False	B	1.882
27	Macrophage	0	8	30	1.0	-0.74	B	False	B	1.882
27	DC	2	7	30	1.619825673725627e-05	0.711	B	False	B	1.882
27	pDC	0	6	30	1.0	0.013	B	False	B	1.882
27	Endothelial	0	7	30	1.0	-0.021	B	False	B	1.882
27	Fibroblast	0	7	30	1.0	-0.009	B	False	B	1.882
27	Melanocyte	0	7	30	1.0	-0.087	B	False	B	1.882
28	T_CD8	0	8	30	1.0	-1.195	B	False	B	1.8
28	T_CD4	0	8	30	1.0	-0.986	B	False	B	1.8
28	T_reg	0	6	30	1.0	-0.099	B	False	B	1.8
28	NK	0	7	30	1.0	-0.931	B	False	B	1.8
28	B	6	7	30	2.1026026981392527e-18	2.675	B	True	B	1.8
28	Plasma	0	7	30	1.0	0.13	B	False	B	1.8
28	Macrophage	0	8	30	1.0	-0.888	B	False	B	1.8
28	DC	0	7	30	1.0	0.293	B	False	B	1.8
28	pDC	1	6	30	0.005355456808997202	0.875	B	False	B	1.8
28	Endothelial	0	7	30	1.0	-0.021	B	False	B	1.8
28	Fibroblast	0	7	30	1.0	-0.146	B	False	B	1.8
28	Melanocyte	0	7	30	1.0	-0.284	B	False	B	1.8
29	T_CD8	0	8	30	1.0	-0.785	Endothelial	False	Endothelial	6.241
29	T_CD4	0	8	30	1.0	-0.568	Endothelial	False	Endothelial	6.241
29	T_reg	0	6	30	1.0	0.143	Endothelial	False	Endothelial	6.241
29	NK	0	7	30	1.0	-0.509	Endothelial	False	Endothelial	6.241
29	B	0	7	30	1.0	-0.189	Endothelial	False	Endothelial	6.241
29	Plasma	0	7	30	1.0	-1.008	Endothelial	False	Endothelial	6.241
29	Macrophage	0	8	30	1.0	-0.272	Endothelial	False	Endothelial	6.241
29	DC	0	7	30	1.0	-0.266	Endothelial	False	Endothelial	6.241
29	pDC	1	6	30	0.005355456808997202	0.38	Endothelial	False	Endothelial	6.241
29	Endothelial	5	7	30	8.455466678980037e-15	6.621	Endothelial	True	Endothelial	6.241
29	Fibroblast	0	7	30	1.0	-1.321	Endothelial	False	Endothelial	6.241
29	Melanocyte	0	7	30	1.0	-0.062	Endothelial	False	Endothelial	6.241
30	T_CD8	0	8	30	1.0	-0.332	Melanocyte	False	Melanocyte	0.952
30	T_CD4	0	8	30	1.0	-0.481	Melanocyte	False	Melanocyte	0.952
30	T_reg	0	6	30	1.0	0.001	Melanocyte	False	Melanocyte	0.952
30	NK	0	7	30	1.0	-0.045	Melanocyte	False	Melanocyte	0.952
30	B	0	7	30	1.0	-0.004	Melanocyte	False	Melanocyte	0.952
30	Plasma	0	7	30	1.0	0.074	Melanocyte	False	Melanocyte	0.952
30	Macrophage	0	8	30	1.0	0.169	Melanocyte	False	Melanocyte	0.952
30	DC	0	7	30	1.0	-0.038	Melanocyte	False	Melanocyte	0.952
30	pDC	0	6	30	1.0	-0.025	Melanocyte	False	Melanocyte	0.952
30	Endothelial	0	7	30	1.0	0.044	Melanocyte	False	Melanocyte	0.952
30	Fibroblast	0	7	30	1.0	0.225	Melanocyte	False	Melanocyte	0.952
30	Melanocyte	1	7	30	0.006245333234373861	1.178	Melanocyte	True	Melanocyte	0.952
31	T_CD8	0	8	30	1.0	-0.097	T_CD4	False	T_CD4	0.81
31	T_CD4	1	8	30	0.007134440031157992	0.892	T_CD4	True	T_CD4	0.81
31	T_reg	0	6	30	1.0	-0.078	T_CD4	False	T_CD4	0.81
31	NK	0	7	30	1.0	-0.063	T_CD4	False	T_CD4	0.81
31	B	0	7	30	1.0	-0.135	T_CD4	False	T_CD4	0.81
31	Plasma	0	7	30	1.0	-0.028	T_CD4	False	T_CD4	0.81
31	Macrophage	0	8	30	1.0	-0.177	T_CD4	False	T_CD4	0.81
31	DC	0	7	30	1.0	-0.126	T_CD4	False	T_CD4	0.81
31	pDC	0	6	30	1.0	0.038	T_CD4	False	T_CD4	0.81
31	Endothelial	0	7	30	1.0	0.039	T_CD4	False	T_CD4	0.81
31	Fibroblast	0	7	30	1.0	-0.002	T_CD4	False	T_CD4	0.81
31	Melanocyte	0	7	30	1.0	0.082	T_CD4	False	T_CD4	0.81
32	T_CD8	1	8	30	0.007134440031157992	0.852	T_CD4	False	T_CD4	0.403
32	T_CD4	1	8	30	0.007134440031157992	1.255	T_CD4	True	T_CD4	0.403
32	T_reg	0	6	30	1.0	-0.484	T_CD4	False	T_CD4	0.403
32	NK	0	7	30	1.0	-0.182	T_CD4	False	T_CD4	0.403
32	B	0	7	30	1.0	-0.27	T_CD4	False	T_CD4	0.403
32	Plasma	0	7	30	1.0	-0.101	T_CD4	False	T_CD4	0.403
32	Macrophage	0	8	30	1.0	-0.097	T_CD4	False	T_CD4	0.403
32	DC	0	7	30	1.0	-0.37	T_CD4	False	T_CD4	0.403
32	pDC	0	6	30	1.0	-0.195	T_CD4	False	T_CD4	0.403
32	Endothelial	0	7	30	1.0	0.181	T_CD4	False	T_CD4	0.403
32	Fibroblast	0	7	30	1.0	0.024	T_CD4	False	T_CD4	0.403
32	Melanocyte	0	7	30	1.0	-0.064	T_CD4	False	T_CD4	0.403
33	T_CD8	0	8	30	1.0	-0.39	Melanocyte	False	Melanocyte	1.412
33	T_CD4	0	8	30	1.0	-0.271	Melanocyte	False	Melanocyte	1.412
33	T_reg	0	6	30	1.0	-0.079	Melanocyte	False	Melanocyte	1.412
33	NK	0	7	30	1.0	0.174	Melanocyte	False	Melanocyte	1.412
33	B	0	7	30	1.0	0.045	Melanocyte	False	Melanocyte	1.412
33	Plasma	0	7	30	1.0	0.013	Melanocyte	False	Melanocyte	1.412
33	Macrophage	0	8	30	1.0	0.113	Melanocyte	False	Melanocyte	1.412
33	DC	0	7	30	1.0	0.025	Melanocyte	False	Melanocyte	1.412
33	pDC	0	6	30	1.0	-0.153	Melanocyte	False	Melanocyte	1.412
33	Endothelial	0	7	30	1.0	0.243	Melanocyte	False	Melanocyte	1.412
33	Fibroblast	0	7	30	1.0	-0.182	Melanocyte	False	Melanocyte	1.412
33	Melanocyte	2	7	30	1.619825673725627e-05	1.655	Melanocyte	True	Melanocyte	1.412
34	T_CD8	0	8	30	1.0	-0.334	Unassigned	False	Melanocyte	0.105
34	T_CD4	0	8	30	1.0	-0.365	Unassigned	False	Melanocyte	0.105
34	T_reg	0	6	30	1.0	0.002	Unassigned	False	Melanocyte	0.105
34	NK	0	7	30	1.0	0.134	Unassigned	False	Melanocyte	0.105
34	B	0	7	30	1.0	0.024	Unassigned	False	Melanocyte	0.105
34	Plasma	0	7	30	1.0	-0.385	Unassigned	False	Melanocyte	0.105
34	Macrophage	0	8	30	1.0	0.057	Unassigned	False	Melanocyte	0.105
34	DC	0	7	30	1.0	-0.125	Unassigned	False	Melanocyte	0.105
34	pDC	0	6	30	1.0	-0.318	Unassigned	False	Melanocyte	0.105
34	Endothelial	0	7	30	1.0	0.307	Unassigned	False	Melanocyte	0.105
34	Fibroblast	0	7	30	1.0	0.488	Unassigned	False	Melanocyte	0.105
34	Melanocyte	0	7	30	1.0	0.593	Unassigned	False	Melanocyte	0.105
35	T_CD8	0	8	30	1.0	-0.373	Melanocyte	False	Melanocyte	1.195
35	T_CD4	0	8	30	1.0	-0.412	Melanocyte	False	Melanocyte	1.195
35	T_reg	0	6	30	1.0	-0.015	Melanocyte	False	Melanocyte	1.195
35	NK	0	7	30	1.0	0.033	Melanocyte	False	Melanocyte	1.195
35	B	0	7	30	1.0	-0.017	Melanocyte	False	Melanocyte	1.195
35	Plasma	0	7	30	1.0	-0.079	Melanocyte	False	Melanocyte	1.195
35	Macrophage	0	8	30	1.0	0.11	Melanocyte	False	Melanocyte	1.195
35	DC	0	7	30	1.0	0.181	Melanocyte	False	Melanocyte	1.195
35	pDC	0	6	30	1.0	-0.228	Melanocyte	False	Melanocyte	1.195
35	Endothelial	0	7	30	1.0	0.39	Melanocyte	False	Melanocyte	1.195
35	Fibroblast	0	7	30	1.0	-0.195	Melanocyte	False	Melanocyte	1.195
35	Melanocyte	3	7	30	2.254879903030611e-08	1.585	Melanocyte	True	Melanocyte	1.195
36	T_CD8	0	8	30	1.0	-0.343	Melanocyte	False	Melanocyte	0.822
36	T_CD4	0	8	30	1.0	-0.5	Melanocyte	False	Melanocyte	0.822
36	T_reg	0	6	30	1.0	0.04	Melanocyte	False	Melanocyte	0.822
36	NK	0	7	30	1.0	0.021	Melanocyte	False	Melanocyte	0.822
36	B	0	7	30	1.0	0.007	Melanocyte	False	Melanocyte	0.822
36	Plasma	0	7	30	1.0	0.011	Melanocyte	False	Melanocyte	0.822
36	Macrophage	0	8	30	1.0	0.135	Melanocyte	False	Melanocyte	0.822
36	DC	0	7	30	1.0	0.136	Melanocyte	False	Melanocyte	0.822
36	pDC	0	6	30	1.0	-0.067	Melanocyte	False	Melanocyte	0.822
36	Endothelial	0	7	30	1.0	0.143	Melanocyte	False	Melanocyte	0.822
36	Fibroblast	0	7	30	1.0	0.053	Melanocyte	False	Melanocyte	0.822
36	Melanocyte	1	7	30	0.006245333234373861	0.965	Melanocyte	True	Melanocyte	0.822
37	T_CD8	0	8	30	1.0	-0.363	Fibroblast	False	Melanocyte	0.71
37	T_CD4	0	8	30	1.0	-0.392	Fibroblast	False	Melanocyte	0.71
37	T_reg	0	6	30	1.0	0.026	Fibroblast	False	Melanocyte	0.71
37	NK	0	7	30	1.0	0.022	Fibroblast	False	Melanocyte	0.71
37	B	0	7	30	1.0	-0.023	Fibroblast	False	Melanocyte	0.71
37	Plasma	0	7	30	1.0	-0.243	Fibroblast	False	Melanocyte	0.71
37	Macrophage	0	8	30	1.0	0.145	Fibroblast	False	Melanocyte	0.71
37	DC	0	7	30	1.0	-0.152	Fibroblast	False	Melanocyte	0.71
37	pDC	0	6	30	1.0	-0.257	Fibroblast	False	Melanocyte	0.71
37	Endothelial	0	7	30	1.0	0.207	Fibroblast	False	Melanocyte	0.71
37	Fibroblast	1	7	30	0.006245333234373861	0.342	Fibroblast	True	Melanocyte	0.71
37	Melanocyte	0	7	30	1.0	1.053	Fibroblast	False	Melanocyte	0.71
38	T_CD8	0	8	30	1.0	-0.292	Unassigned	False	Melanocyte	0.242
38	T_CD4	0	8	30	1.0	-0.389	Unassigned	False	Melanocyte	0.242
38	T_reg	0	6	30	1.0	0.091	Unassigned	False	Melanocyte	0.242
38	NK	0	7	30	1.0	0.048	Unassigned	False	Melanocyte	0.242
38	B	0	7	30	1.0	-0.044	Unassigned	False	Melanocyte	0.242
38	Plasma	0	7	30	1.0	-0.006	Unassigned	False	Melanocyte	0.242
38	Macrophage	0	8	30	1.0	0.211	Unassigned	False	Melanocyte	0.242
38	DC	0	7	30	1.0	0.03	Unassigned	False	Melanocyte	0.242
38	pDC	0	6	30	1.0	-0.01	Unassigned	False	Melanocyte	0.242
38	Endothelial	0	7	30	1.0	0.034	Unassigned	False	Melanocyte	0.242
38	Fibroblast	0	7	30	1.0	-0.008	Unassigned	False	Melanocyte	0.242
38	Melanocyte	0	7	30	1.0	0.453	Unassigned	False	Melanocyte	0.242
39	T_CD8	0	8	30	1.0	-0.317	Melanocyte	False	Melanocyte	2.103
39	T_CD4	0	8	30	1.0	-0.418	Melanocyte	False	Melanocyte	2.103
39	T_reg	0	6	30	1.0	-0.422	Melanocyte	False	Melanocyte	2.103
39	NK	0	7	30	1.0	-0.044	Melanocyte	False	Melanocyte	2.103
39	B	0	7	30	1.0	-0.018	Melanocyte	False	Melanocyte	2.103
39	Plasma	0	7	30	1.0	-0.192	Melanocyte	False	Melanocyte	2.103
39	Macrophage	0	8	30	1.0	-0.23	Melanocyte	False	Melanocyte	2.103
39	DC	0	7	30	1.0	0.222	Melanocyte	False	Melanocyte	2.103
39	pDC	0	6	30	1.0	-0.233	Melanocyte	False	Melanocyte	2.103
39	Endothelial	0	7	30	1.0	0.244	Melanocyte	False	Melanocyte	2.103
39	Fibroblast	0	7	30	1.0	0.295	Melanocyte	False	Melanocyte	2.103
39	Melanocyte	3	7	30	2.254879903030611e-08	2.398	Melanocyte	True	Melanocyte	2.103
40	T_CD8	0	8	30	1.0	-0.428	Melanocyte	False	Melanocyte	1.274
40	T_CD4	0	8	30	1.0	-0.612	Melanocyte	False	Melanocyte	1.274
40	T_reg	0	6	30	1.0	-0.033	Melanocyte	False	Melanocyte	1.274
40	NK	0	7	30	1.0	-0.049	Melanocyte	False	Melanocyte	1.274
40	B	0	7	30	1.0	0.017	Melanocyte	False	Melanocyte	1.274
40	Plasma	0	7	30	1.0	0.015	Melanocyte	False	Melanocyte	1.274
40	Macrophage	0	8	30	1.0	0.071	Melanocyte	False	Melanocyte	1.274
40	DC	0	7	30	1.0	0.178	Melanocyte	False	Melanocyte	1.274
40	pDC	0	6	30	1.0	-0.122	Melanocyte	False	Melanocyte	1.274
40	Endothelial	0	7	30	1.0	0.253	Melanocyte	False	Melanocyte	1.274
40	Fibroblast	0	7	30	1.0	0.159	Melanocyte	False	Melanocyte	1.274
40	Melanocyte	1	7	30	0.006245333234373861	1.527	Melanocyte	True	Melanocyte	1.274
