gsm	patient	treatment	n_cells_after_qc	n_genes_median	n_umi_median	mt_pct_median	mt_pct_p95
GSM8901614	HM002	Untreated	9284	1346.0	2549.5	4.12	14.27
GSM8901615	HM004	ICI-resistant	7475	1762.0	4474.0	3.08	8.83
GSM8901616	HM005	Untreated	8919	1581.0	3829.0	2.92	9.71
GSM8901617	HM006	ICI-resistant	10253	2003.0	5956.0	2.58	7.68
GSM8901618	HM009	ICI-responder	6502	1792.0	4211.0	2.43	11.19
GSM8901619	HM012	Untreated	8714	1631.0	3810.5	3.26	15.01
GSM8901620	HM014	Untreated	6323	1659.0	4117.0	3.53	9.25
GSM8901621	HM019	ICI-resistant	1749	1929.0	5687.0	2.84	9.85
GSM8901622	HM026	ICI-responder	3960	1760.0	4581.0	2.77	8.0
GSM8901623	HM028	ICI-resistant	10376	2535.0	7894.5	1.47	6.04
GSM8901624	HM035	ICI-responder	6620	1963.0	5371.5	1.9	7.88
GSM8901625	HM038	ICI-responder	4992	1700.5	5209.5	2.69	8.97
