cluster	rank	gene	wilcoxon_z	log2FC
0	1	CTLA4	78.035	3.546
0	2	IL32	68.99	2.784
0	3	TIGIT	68.788	3.52
0	4	B2M	65.187	1.26
0	5	CD2	64.995	2.376
0	6	BATF	64.337	3.469
0	7	ICOS	63.279	2.977
0	8	HLA-A	61.663	1.067
0	9	CD3E	56.271	1.935
0	10	SPOCK2	56.164	1.882
0	11	SRGN	55.573	1.842
0	12	ETS1	54.929	1.477
0	13	CD3D	54.736	1.932
0	14	TNFRSF4	54.575	4.063
0	15	CD27	53.395	2.19
0	16	LTB	53.216	2.019
0	17	FOXP3	53.167	5.721
0	18	UBC	52.542	0.929
0	19	CD247	51.493	1.869
0	20	RGS1	51.246	1.833
0	21	FYB1	50.843	1.66
0	22	RNF19A	50.584	1.705
0	23	ARID5B	49.679	1.587
0	24	PTPRC	49.643	1.534
0	25	TMSB4X	49.581	1.571
0	26	ITM2A	49.411	2.082
0	27	CD28	48.237	2.088
0	28	PBXIP1	47.253	1.785
0	29	TNFRSF18	46.928	3.942
0	30	ARHGDIB	46.088	1.254
1	1	RPL28	50.106	1.103
1	2	RPS12	45.893	1.236
1	3	RPL10	45.748	1.073
1	4	RPL11	45.095	1.085
1	5	RPL13	43.81	1.054
1	6	RPS14	43.78	1.284
1	7	RPL32	43.655	1.174
1	8	RPS3	43.635	1.233
1	9	RPL19	42.577	1.023
1	10	RPL30	42.512	1.076
1	11	IL7R	42.344	2.559
1	12	RPS27A	41.857	1.098
1	13	RPS25	41.525	1.193
1	14	TPT1	39.931	0.946
1	15	RPS13	39.901	1.128
1	16	RPL12	39.533	0.989
1	17	RPS3A	39.379	1.039
1	18	FAU	38.611	1.071
1	19	RPL18A	38.362	0.97
1	20	RPL14	37.931	0.946
1	21	RPS4X	36.851	0.967
1	22	RPS23	36.476	1.05
1	23	RPLP1	36.422	0.858
1	24	TSC22D3	36.051	1.689
1	25	RPS15A	36.022	1.053
1	26	RPL18	36.008	0.903
1	27	RPL34	35.348	1.166
1	28	RPL29	35.07	0.91
1	29	SARAF	35.021	1.148
1	30	RPS15	34.953	0.875
2	1	JUNB	59.191	2.391
2	2	CD69	53.664	2.644
2	3	ZFP36L2	53.54	2.209
2	4	LTB	52.415	2.664
2	5	TXNIP	51.89	2.479
2	6	IL7R	51.526	2.893
2	7	FOS	50.1	2.063
2	8	TSC22D3	46.681	2.025
2	9	KLF2	46.255	2.253
2	10	DUSP1	46.208	1.928
2	11	RPS27A	46.081	1.17
2	12	TCF7	45.751	2.446
2	13	RPS12	45.75	1.156
2	14	RPL34	44.821	1.411
2	15	RPS15A	44.718	1.24
2	16	CXCR4	44.689	2.031
2	17	RPL13	44.381	0.996
2	18	RPS25	44.089	1.241
2	19	BTG1	42.531	1.47
2	20	CD3E	42.215	2.072
2	21	RPLP2	42.057	1.126
2	22	RPL39	41.581	1.226
2	23	CD3D	41.571	2.036
2	24	RPS3A	41.48	1.067
2	25	TMSB4X	41.214	1.906
2	26	CD48	41.207	1.863
2	27	RPS27	40.804	1.325
2	28	TMSB10	40.189	1.137
2	29	SOCS1	39.806	2.09
2	30	TPT1	39.803	0.909
3	1	IL7R	85.536	3.237
3	2	SRGN	80.177	2.397
3	3	SARAF	78.081	1.631
3	4	CCR7	73.838	2.61
3	5	ANXA1	70.647	2.463
3	6	CREM	68.996	2.111
3	7	RGCC	67.165	2.266
3	8	RPS12	66.199	1.106
3	9	RPL34	65.49	1.374
3	10	NDFIP1	65.214	1.98
3	11	FXYD5	63.505	1.472
3	12	EZR	63.244	1.759
3	13	TPT1	62.381	0.931
3	14	RPS27A	62.284	1.09
3	15	JUND	62.186	1.257
3	16	SPOCK2	61.935	1.949
3	17	RPL11	61.884	0.969
3	18	EIF1	61.698	0.887
3	19	YPEL5	61.443	1.737
3	20	LEPROTL1	61.309	1.747
3	21	RPS15A	61.292	1.151
3	22	RNF125	60.623	2.081
3	23	ARHGDIB	59.88	1.526
3	24	PABPC1	59.411	0.949
3	25	ARL4C	59.049	1.824
3	26	RPS27	58.696	1.294
3	27	CD3E	58.591	1.976
3	28	RPS25	58.409	1.129
3	29	RPL13	57.906	0.903
3	30	RPL32	57.734	1.012
4	1	RPL34	85.895	1.956
4	2	RPS3A	83.85	1.615
4	3	RPS27A	82.504	1.582
4	4	RPLP2	81.455	1.574
4	5	RPS14	80.763	1.612
4	6	RPL32	80.652	1.505
4	7	RPS15A	80.323	1.632
4	8	RPS13	79.75	1.578
4	9	RPS25	79.585	1.636
4	10	RPS12	79.002	1.489
4	11	EEF1A1	78.934	1.172
4	12	RPL30	78.539	1.411
4	13	RPL21	78.47	1.615
4	14	KLF2	78.059	2.862
4	15	RPL35A	77.771	1.616
4	16	RPL13	77.223	1.301
4	17	RPL9	76.107	1.517
4	18	RPS6	76.054	1.397
4	19	RPS27	75.556	1.752
4	20	TPT1	74.915	1.266
4	21	RPL38	74.723	1.831
4	22	RPL37	73.074	1.535
4	23	RPS3	72.973	1.422
4	24	TCF7	72.153	2.999
4	25	RPL39	72.095	1.57
4	26	RPS28	71.363	1.401
4	27	RPL19	71.215	1.197
4	28	RPS8	71.164	1.225
4	29	RPL5	70.848	1.379
4	30	EEF1B2	70.431	1.698
5	1	MALAT1	76.096	1.921
5	2	MT-CO1	68.39	1.373
5	3	MT-CO2	55.482	1.118
5	4	PTPRC	54.395	1.758
5	5	TNFAIP3	53.995	1.919
5	6	MT-CO3	52.74	1.173
5	7	MT-ATP6	52.3	1.186
5	8	MT-CYB	51.619	1.149
5	9	FYN	51.537	1.97
5	10	MT-ATP8	51.418	1.236
5	11	NEAT1	50.764	1.91
5	12	MT-ND4L	49.707	1.069
5	13	MT-ND5	46.722	1.08
5	14	AC016831.7	46.386	1.914
5	15	RNF213	45.688	2.117
5	16	MT-ND1	44.833	1.027
5	17	FUS	43.036	1.064
5	18	SYNE2	42.499	2.123
5	19	RNF19A	42.279	2.049
5	20	MT-ND3	41.672	1.087
5	21	AHNAK	40.525	1.883
5	22	CEMIP2	39.26	1.806
5	23	SMCHD1	36.707	1.4
5	24	MT-ND2	33.405	0.751
5	25	ADGRE5	33.22	1.594
5	26	SRRM2	32.758	0.783
5	27	RSRP1	32.447	1.429
5	28	AKAP13	30.778	1.21
5	29	CCNL1	30.164	0.945
5	30	EML4	30.09	1.294
6	1	MALAT1	80.611	2.364
6	2	FYN	65.887	2.698
6	3	AC016831.7	62.373	2.709
6	4	IL7R	60.624	3.061
6	5	HSPH1	60.309	2.614
6	6	TNFAIP3	60.229	2.408
6	7	SMCHD1	60.066	2.411
6	8	BACH2	58.372	3.329
6	9	PTPRC	57.663	2.138
6	10	GPCPD1	56.545	2.78
6	11	ITK	56.419	2.767
6	12	CMSS1	56.3	3.833
6	13	CNOT6L	55.078	2.657
6	14	CRYBG1	54.855	2.811
6	15	CELF2	54.708	2.291
6	16	NDFIP1	54.448	2.397
6	17	PDE3B	53.915	2.853
6	18	FOXP1	53.179	2.47
6	19	ANKRD12	53.044	2.214
6	20	CCR7	53.02	2.629
6	21	STAT4	52.977	2.859
6	22	FUS	51.943	1.501
6	23	PIK3IP1	51.224	2.303
6	24	RNF125	50.597	2.621
6	25	ABLIM1	50.435	2.828
6	26	PDCD4	50.343	2.061
6	27	MBNL1	50.157	1.771
6	28	CAMK4	49.561	2.92
6	29	ZC3HAV1	49.552	2.161
6	30	FKBP5	49.141	2.206
7	1	NKG7	89.29	5.764
7	2	CCL5	88.391	5.507
7	3	CST7	84.278	4.5
7	4	GZMA	83.293	5.047
7	5	LAG3	77.262	4.608
7	6	GZMK	76.748	4.546
7	7	PRF1	76.531	4.582
7	8	IL32	73.211	3.371
7	9	CTSW	73.056	3.681
7	10	GZMH	72.046	5.109
7	11	GZMB	69.911	4.841
7	12	COTL1	67.934	2.474
7	13	HCST	67.909	2.756
7	14	DUSP2	66.629	2.768
7	15	HLA-A	65.891	1.282
7	16	HLA-B	64.017	1.419
7	17	RARRES3	63.423	2.606
7	18	LSP1	62.921	2.299
7	19	B2M	60.885	1.376
7	20	TMSB4X	59.915	2.108
7	21	CD8A	59.815	3.483
7	22	CCL4	59.334	3.355
7	23	HLA-C	58.372	1.195
7	24	KLRD1	56.656	3.915
7	25	CORO1A	56.373	2.053
7	26	CD3E	56.188	2.267
7	27	RAC2	55.985	2.052
7	28	CD7	55.46	2.365
7	29	PFN1	54.686	1.359
7	30	SH3BGRL3	54.527	1.664
8	1	CD74	25.089	4.152
8	2	HLA-DPB1	24.702	4.337
8	3	HLA-DPA1	24.239	4.21
8	4	LSP1	24.028	3.233
8	5	HLA-DRA	23.708	4.674
8	6	DAPP1	23.479	4.441
8	7	BASP1	23.455	4.279
8	8	HLA-DRB1	23.139	4.177
8	9	HLA-DRB5	23.044	4.044
8	10	CD83	22.731	3.833
8	11	TXN	22.543	3.92
8	12	HLA-DQA1	22.37	4.107
8	13	HLA-DQB1	21.979	3.845
8	14	TYMP	21.637	3.431
8	15	SYNGR2	21.57	3.024
8	16	FAM49A	21.294	3.959
8	17	CST3	21.235	4.258
8	18	GSN	21.099	3.636
8	19	ETV6	20.827	2.873
8	20	SPI1	20.79	4.201
8	21	GSTP1	20.439	2.746
8	22	ID2	20.295	3.277
8	23	IDO1	20.152	6.318
8	24	CSF2RA	20.074	5.225
8	25	CTSZ	20.059	2.782
8	26	ALDH2	20.031	4.335
8	27	ACTB	19.882	1.756
8	28	CTSH	19.862	3.374
8	29	PLEK	19.815	3.813
8	30	GRASP	19.802	3.125
9	1	CXCL13	49.214	6.889
9	2	CD7	44.517	3.398
9	3	CCL5	42.894	4.376
9	4	HLA-C	42.103	1.536
9	5	UBC	41.961	1.612
9	6	GZMB	41.68	4.777
9	7	METRNL	41.625	3.696
9	8	HLA-A	41.267	1.427
9	9	HLA-B	40.061	1.543
9	10	DUSP4	39.25	2.899
9	11	CST7	38.768	3.597
9	12	NKG7	38.638	3.992
9	13	CREM	37.547	2.588
9	14	IFITM2	36.335	2.355
9	15	CD8A	36.213	3.47
9	16	CRIP1	35.542	2.808
9	17	CTSW	35.382	3.432
9	18	LAG3	34.926	3.78
9	19	MT2A	33.695	2.336
9	20	SH3BGRL3	31.617	1.704
9	21	S100A4	31.544	2.341
9	22	B2M	31.054	1.246
9	23	ISG20	30.556	2.112
9	24	PRF1	29.569	3.249
9	25	IFITM1	29.174	1.861
9	26	SYTL3	28.465	2.184
9	27	SRGN	28.381	1.923
9	28	RGS1	28.217	2.108
9	29	SLA2	28.073	3.734
9	30	NR3C1	27.65	2.093
10	1	CCL5	72.221	5.182
10	2	NKG7	70.31	5.305
10	3	CD8A	68.62	4.559
10	4	CST7	64.123	4.159
10	5	LAG3	63.149	4.628
10	6	CTLA4	59.666	3.898
10	7	HLA-C	56.59	1.367
10	8	CD8B	54.416	3.897
10	9	DUSP4	52.979	2.679
10	10	HLA-B	52.809	1.382
10	11	PRF1	52.399	3.862
10	12	CD7	51.131	2.592
10	13	LYST	50.072	2.675
10	14	HLA-A	49.554	1.133
10	15	METRNL	48.707	3.001
10	16	IL32	47.484	2.577
10	17	RGS1	46.86	2.391
10	18	B2M	46.792	1.235
10	19	PRDM1	46.361	3.349
10	20	CD27	46.129	2.729
10	21	UBC	45.329	1.144
10	22	TNFRSF9	45.239	4.055
10	23	GZMA	45.188	3.213
10	24	LSP1	44.963	2.071
10	25	IFITM1	44.708	1.925
10	26	HAVCR2	43.345	3.971
10	27	CCL4	42.759	3.082
10	28	GAPDH	42.166	1.436
10	29	GZMB	41.855	3.513
10	30	CBLB	40.833	2.194
11	1	CCL5	92.115	4.246
11	2	GZMK	89.194	4.335
11	3	CST7	84.083	3.517
11	4	DUSP2	80.012	2.731
11	5	ZFP36L2	77.058	2.161
11	6	ZFP36	74.806	2.078
11	7	B2M	74.241	1.369
11	8	IL32	73.202	2.612
11	9	CD8A	72.717	3.375
11	10	TUBA4A	72.685	2.589
11	11	NKG7	72.521	3.289
11	12	CXCR4	69.112	2.136
11	13	GZMM	67.049	2.939
11	14	HCST	66.85	2.222
11	15	RPS27	65.981	1.434
11	16	GZMA	65.511	3.188
11	17	CTSW	64.077	2.722
11	18	TMSB4X	63.336	1.949
11	19	HLA-B	62.95	1.197
11	20	CD3E	61.477	2.062
11	21	SRGN	61.3	1.96
11	22	BTG1	60.55	1.441
11	23	HLA-C	60.025	1.032
11	24	HLA-A	59.113	0.975
11	25	TSC22D3	58.74	1.774
11	26	CD8B	57.491	2.893
11	27	RPS29	57.282	1.402
11	28	CALM1	56.721	1.119
11	29	JUND	56.601	1.192
11	30	RPS15A	56.159	1.089
12	1	SERPINE2	81.55	4.757
12	2	MT2A	80.988	4.054
12	3	APOD	79.652	5.054
12	4	FTL	76.585	2.586
12	5	VIM	76.055	2.391
12	6	S100A6	70.705	2.942
12	7	S100A4	67.726	3.468
12	8	PPIA	66.434	1.673
12	9	LGALS1	66.026	3.318
12	10	S100B	65.903	3.949
12	11	IER3	63.783	4.138
12	12	TIMP1	59.853	3.572
12	13	YBX1	59.177	1.788
12	14	MIF	57.666	1.905
12	15	FABP5	57.663	3.27
12	16	IFI6	55.109	2.975
12	17	S100A1	54.387	3.399
12	18	CTSB	53.566	2.862
12	19	IFITM3	52.201	2.89
12	20	HSPB1	51.664	2.326
12	21	ENO1	49.466	1.89
12	22	CD63	49.392	2.239
12	23	CHCHD2	46.62	1.354
12	24	SPARC	46.246	3.181
12	25	GAPDH	45.347	1.31
12	26	MT-ND2	44.986	1.295
12	27	MIA	44.682	3.241
12	28	LY6E	43.891	1.97
12	29	PHLDA1	43.883	2.289
12	30	PKM	41.696	1.687
13	1	THBS2	64.422	6.166
13	2	FKBP10	63.993	4.471
13	3	RCN3	63.979	5.288
13	4	ITGB8	63.25	4.853
13	5	CALU	63.086	3.954
13	6	PDLIM4	62.495	4.906
13	7	MFAP2	62.485	4.866
13	8	DST	62.344	4.233
13	9	CLEC11A	62.058	4.285
13	10	TUSC3	61.818	4.342
13	11	ITGA10	61.773	6.581
13	12	SEMA3B	61.545	5.058
13	13	RCN1	61.346	3.852
13	14	CSPG4	61.182	4.677
13	15	LAMA4	61.046	4.204
13	16	CREB5	60.928	4.039
13	17	WWTR1	60.751	3.891
13	18	CTGF	60.708	4.879
13	19	DCBLD2	60.562	4.277
13	20	APOD	60.509	4.611
13	21	CTHRC1	60.452	4.226
13	22	RCAN1	60.449	4.336
13	23	SRM	60.416	3.568
13	24	PCOLCE	60.283	4.89
13	25	TIMP1	60.227	4.087
13	26	COL12A1	60.192	6.033
13	27	FAM114A1	60.155	4.177
13	28	BMP8B	60.101	5.027
13	29	BAALC	60.097	4.961
13	30	PHGDH	60.037	4.276
14	1	MT-ATP6	32.363	1.528
14	2	MT2A	31.181	2.355
14	3	MT-CYB	29.602	1.345
14	4	MT-ND4L	29.418	1.321
14	5	MT-ND2	28.432	1.436
14	6	MT-CO3	27.348	1.21
14	7	APOD	27.296	2.669
14	8	MT-CO2	26.382	1.053
14	9	SERPINE2	25.428	2.233
14	10	S100A4	24.461	2.067
14	11	MT-ND5	23.703	1.12
14	12	MT-ND1	22.696	1.058
14	13	MT-ND4	22.619	1.101
14	14	HLA-C	22.183	0.879
14	15	FTL	21.247	0.968
14	16	S100A6	20.907	1.29
14	17	VIM	20.848	1.16
14	18	FYN	20.332	1.537
14	19	ANXA1	19.435	1.551
14	20	SRGN	18.662	1.343
14	21	IL7R	17.429	1.659
14	22	LGALS1	17.309	1.426
14	23	S100B	16.649	1.676
14	24	PPIA	16.532	0.609
14	25	HLA-B	16.418	0.715
14	26	HLA-A	16.249	0.59
14	27	TIMP1	15.916	1.641
14	28	TGFB1	15.548	1.376
14	29	PTPRC	15.42	1.065
14	30	CREM	15.155	1.269
15	1	FTL	54.021	4.153
15	2	FTH1	47.368	2.313
15	3	C1QB	46.536	6.557
15	4	C1QA	46.398	6.51
15	5	C1QC	44.588	6.381
15	6	CD74	43.794	3.362
15	7	HLA-DRA	41.014	3.869
15	8	TYROBP	40.996	5.247
15	9	HLA-DPA1	39.631	3.422
15	10	CST3	38.619	3.797
15	11	CD68	36.429	4.769
15	12	APOE	36.364	3.614
15	13	TMSB4X	34.806	2.131
15	14	FCER1G	34.486	4.372
15	15	HLA-DPB1	34.373	2.978
15	16	CTSB	34.222	3.307
15	17	CTSZ	31.059	3.169
15	18	HLA-DRB1	30.853	2.837
15	19	S100A11	29.952	2.352
15	20	ACTB	29.193	0.965
15	21	LYZ	28.888	4.569
15	22	PSAP	28.414	2.432
15	23	TMSB10	28.344	1.071
15	24	APOC1	28.197	3.482
15	25	HLA-DQA1	28.048	2.876
15	26	AIF1	27.956	4.178
15	27	SOD2	27.762	2.777
15	28	SAT1	27.742	1.67
15	29	GLUL	26.817	3.206
15	30	B2M	23.51	1.003
16	1	TYROBP	94.312	7.27
16	2	PSAP	92.68	4.285
16	3	PLAUR	92.135	5.871
16	4	SOD2	91.705	4.682
16	5	FCER1G	91.01	5.951
16	6	CD68	90.634	5.952
16	7	HLA-DRB1	90.58	4.948
16	8	FTL	90.409	4.17
16	9	HLA-DRA	90.037	5.307
16	10	CST3	89.966	4.831
16	11	GRN	89.332	4.494
16	12	SPI1	89.055	5.776
16	13	HLA-DRB5	89.044	4.918
16	14	PLEK	88.312	5.314
16	15	HLA-DPA1	87.784	4.545
16	16	HLA-DPB1	87.751	4.421
16	17	CTSZ	87.276	4.226
16	18	CD74	87.25	4.205
16	19	CTSB	87.106	4.336
16	20	CCL3	86.721	6.583
16	21	TNFAIP2	86.081	7.046
16	22	LYZ	85.895	6.543
16	23	AIF1	85.577	5.13
16	24	NFKBIA	85.455	3.328
16	25	GLUL	85.142	4.24
16	26	CTSS	84.984	3.82
16	27	MS4A7	84.879	6.524
16	28	NPC2	84.5	3.688
16	29	CXCL16	84.143	5.286
16	30	IL1B	84.11	7.73
17	1	IL3RA	43.737	8.605
17	2	IRF4	43.292	5.541
17	3	SLC15A4	41.979	5.1
17	4	IRF8	41.728	5.254
17	5	IRF7	41.484	4.759
17	6	TCF4	41.065	5.549
17	7	GRASP	40.956	4.649
17	8	SEC61B	40.792	3.695
17	9	PLD4	40.213	7.448
17	10	GPR183	39.947	4.522
17	11	NR4A3	39.598	3.975
17	12	GZMB	39.369	5.885
17	13	LILRA4	38.874	8.39
17	14	GNA15	38.483	5.752
17	15	SEL1L3	38.34	4.441
17	16	AREG	38.235	4.974
17	17	JCHAIN	38.157	7.005
17	18	THEMIS2	38.095	4.733
17	19	CLIC3	37.736	6.455
17	20	MPEG1	37.731	6.165
17	21	RGS2	37.688	3.925
17	22	SMPD3	37.667	8.496
17	23	LILRB4	37.258	5.4
17	24	LDLRAD4	37.084	3.866
17	25	ITM2C	36.966	4.66
17	26	FCHSD2	36.961	4.159
17	27	SEMA7A	36.517	5.145
17	28	CXCR3	36.338	4.595
17	29	SULF2	36.276	6.328
17	30	FAM129C	36.202	4.884
18	1	CD79A	24.329	5.609
18	2	CD74	20.711	3.331
18	3	HLA-DRA	20.226	3.892
18	4	HLA-DPA1	18.123	2.889
18	5	EZR	17.786	2.179
18	6	HLA-DRB1	17.311	2.894
18	7	RPL18A	17.104	1.172
18	8	LAPTM5	16.906	2.066
18	9	MT-ATP6	16.793	1.43
18	10	HLA-DPB1	16.553	2.657
18	11	HLA-DRB5	16.369	2.74
18	12	CD37	15.921	2.144
18	13	RPS16	15.384	1.105
18	14	MS4A1	15.188	3.201
18	15	MT-ND1	14.967	1.309
18	16	TCF4	14.876	4.114
18	17	MT-CO3	14.846	1.175
18	18	MT-ND4L	14.762	1.201
18	19	RPS5	14.739	1.152
18	20	CD83	14.728	2.68
18	21	IGLV3-25	14.439	7.513
18	22	HLA-DQA1	14.417	2.663
18	23	MT-CYB	14.388	1.179
18	24	RPS9	14.385	1.055
18	25	RPS2	14.186	0.866
18	26	FTL	14.042	1.27
18	27	OAZ1	13.884	1.299
18	28	RPL13	13.453	0.847
18	29	ARHGAP24	13.306	3.888
18	30	MT-ND2	13.219	1.228
19	1	MS4A1	65.133	5.382
19	2	CD83	62.734	4.539
19	3	MALAT1	58.932	2.033
19	4	BANK1	54.542	4.785
19	5	AC016831.7	52.405	2.832
19	6	MT-CO1	51.8	1.415
19	7	REL	49.765	2.599
19	8	BACH2	49.744	3.497
19	9	RALGPS2	48.438	4.016
19	10	AFF3	48.363	4.465
19	11	CD74	47.823	2.652
19	12	CD55	47.692	2.424
19	13	LYN	46.735	3.885
19	14	MGAT5	45.907	3.696
19	15	MT-ATP8	45.588	1.547
19	16	MT-ND4L	43.643	1.334
19	17	CD79A	43.412	3.37
19	18	TNFRSF13C	43.241	3.981
19	19	ADAM28	43.186	4.606
19	20	ANKRD44	43.019	2.558
19	21	HLA-DQA1	42.705	2.949
19	22	HLA-DRA	42.3	2.771
19	23	MT-CO3	42.29	1.26
19	24	MT-CO2	42.285	1.13
19	25	LY9	42.056	3.366
19	26	HLA-DRB1	41.715	2.636
19	27	SMCHD1	41.639	2.008
19	28	ARHGAP24	41.368	4.5
19	29	EZR	41.358	1.927
19	30	SNX9	40.745	2.4
20	1	GAPDH	42.978	1.577
20	2	VIM	33.509	1.163
20	3	ACTB	31.329	0.701
20	4	PPIA	29.256	0.609
20	5	CD63	28.091	1.666
20	6	S100B	27.985	2.47
20	7	ACTG1	26.76	0.555
20	8	LGALS1	25.344	1.714
20	9	MIF	22.766	0.894
20	10	RPS8	22.065	0.523
20	11	RPS3A	20.74	0.491
20	12	RPL8	19.956	0.369
20	13	FTL	19.748	0.435
20	14	RPL15	18.874	0.217
20	15	ALDOA	18.822	0.951
20	16	YBX1	17.258	0.47
20	17	S100A6	16.987	0.898
20	18	SERPINE2	16.761	1.333
20	19	PMEL	16.758	1.919
20	20	S100A1	15.24	1.578
20	21	ANXA5	14.803	1.06
20	22	TUBA1B	13.887	0.74
20	23	RPL7A	13.331	0.12
20	24	RPS2	12.798	0.134
20	25	IGFBP2	12.209	3.151
20	26	SPP1	11.822	2.453
20	27	RPS6	11.154	0.127
20	28	MLANA	10.375	1.254
20	29	ENO1	9.745	0.615
20	30	RPL35	9.62	-0.066
21	1	MS4A1	35.305	4.005
21	2	CD79A	35.216	4.136
21	3	BANK1	32.996	3.564
21	4	CD83	31.02	3.053
21	5	CD37	30.621	2.336
21	6	LY9	29.329	2.82
21	7	HLA-DRA	28.893	3.224
21	8	TNFRSF13C	28.165	2.967
21	9	CD74	28.147	2.687
21	10	HLA-DQB1	27.169	2.519
21	11	CD19	26.608	3.157
21	12	HLA-DQA1	26.488	2.502
21	13	LYN	25.645	2.443
21	14	RALGPS2	25.545	2.489
21	15	LAPTM5	25.033	1.891
21	16	HLA-DRB1	24.977	2.434
21	17	IRF8	24.397	2.396
21	18	HLA-DPA1	23.919	2.154
21	19	GRASP	23.695	2.201
21	20	HLA-DPB1	23.479	2.04
21	21	AFF3	23.095	2.416
21	22	ARHGAP24	22.958	2.791
21	23	ADAM28	22.666	2.751
21	24	NCF1	22.594	2.143
21	25	CD22	22.354	2.797
21	26	YPEL5	22.239	1.718
21	27	BLK	21.987	2.855
21	28	HLA-DRB5	21.721	1.847
21	29	CD55	21.718	1.677
21	30	JUND	21.696	1.224
22	1	SARAF	62.179	2.013
22	2	RPL13	58.025	1.29
22	3	RPS27A	57.351	1.442
22	4	RPS26	56.625	2.004
22	5	RPS12	55.182	1.391
22	6	CCR7	54.598	2.867
22	7	RPS13	53.515	1.408
22	8	RPS4X	53.484	1.324
22	9	RPS14	52.788	1.421
22	10	RPL30	51.475	1.23
22	11	RPL32	51.305	1.28
22	12	CD7	51.045	2.606
22	13	RPL34	51.009	1.579
22	14	ABLIM1	50.683	2.645
22	15	RPL10	50.553	1.113
22	16	RPL11	49.824	1.164
22	17	LTB	49.65	2.528
22	18	RPS15A	49.529	1.365
22	19	RPS25	49.212	1.375
22	20	S1PR1	48.502	2.951
22	21	TPT1	48.437	1.096
22	22	LEPROTL1	47.607	2.034
22	23	RPL19	47.478	1.059
22	24	RPL35A	46.814	1.314
22	25	EEF1A1	46.779	0.931
22	26	RPL39	46.177	1.344
22	27	RPS6	45.642	1.122
22	28	RPL5	45.561	1.191
22	29	RPS3	45.225	1.189
22	30	RPS23	45.171	1.2
23	1	CTSW	44.342	4.409
23	2	GNLY	43.591	7.908
23	3	AREG	41.076	4.339
23	4	KLRD1	38.363	4.687
23	5	TYROBP	36.73	3.894
23	6	NKG7	35.133	3.937
23	7	METRNL	34.688	3.081
23	8	ADGRE5	34.16	2.505
23	9	XCL1	33.998	6.346
23	10	IFITM2	33.615	2.285
23	11	PRF1	32.013	3.519
23	12	CD7	31.848	2.515
23	13	SRGN	31.693	2.172
23	14	XCL2	31.648	5.589
23	15	NFKBIA	31.33	2.035
23	16	NFKB1	31.001	2.351
23	17	BHLHE40	30.192	2.379
23	18	MAP3K8	29.626	2.584
23	19	REL	28.932	1.998
23	20	GZMB	28.843	3.682
23	21	HOPX	28.701	4.011
23	22	SYTL3	28.482	2.144
23	23	TNFRSF18	28.26	3.988
23	24	CST7	27.532	2.537
23	25	ID2	27.473	2.266
23	26	MATK	26.912	3.862
23	27	JUND	26.765	1.232
23	28	KLRC1	26.609	5.403
23	29	IL2RB	26.465	3.061
23	30	TGFB1	26.253	1.885
24	1	HMGB2	57.183	4.2
24	2	MKI67	56.716	6.28
24	3	STMN1	52.264	3.706
24	4	TUBA1B	51.335	3.01
24	5	TMPO	50.973	3.353
24	6	HMGN2	50.947	2.832
24	7	NUSAP1	50.917	4.928
24	8	HMGB1	50.436	2.299
24	9	ACTB	50.364	1.769
24	10	PFN1	49.996	2.17
24	11	TYMS	49.781	4.625
24	12	CORO1A	49.763	2.797
24	13	TUBB	47.988	2.995
24	14	COTL1	47.209	2.668
24	15	CENPF	46.315	4.107
24	16	DEK	45.761	2.375
24	17	KIF22	45.46	3.514
24	18	LMNB1	45.197	3.521
24	19	SMC2	45.185	4.029
24	20	SMC4	45.169	3.362
24	21	H2AFV	45.167	2.353
24	22	TPX2	44.604	4.195
24	23	ASPM	44.032	5.28
24	24	CALM3	43.733	2.346
24	25	CFL1	43.564	1.619
24	26	PCLAF	43.522	5.023
24	27	TOP2A	43.471	4.721
24	28	ANP32E	43.366	2.792
24	29	IDH2	43.304	2.84
24	30	CCNA2	43.185	5.36
25	1	POU2AF1	37.962	4.967
25	2	CD79A	35.922	4.091
25	3	MZB1	34.726	5.399
25	4	SEL1L3	33.406	3.404
25	5	UBE2J1	33.212	3.07
25	6	BASP1	32.28	3.74
25	7	ST6GAL1	31.696	3.19
25	8	RAB30	31.263	3.468
25	9	PLCG2	30.808	3.283
25	10	LRMP	30.575	3.821
25	11	CD79B	30.516	3.883
25	12	TXNDC5	30.388	3.174
25	13	JCHAIN	30.232	5.596
25	14	IGHG1	30.083	6.707
25	15	HERPUD1	30.072	2.129
25	16	MEF2C	28.897	2.906
25	17	IGKC	28.808	5.714
25	18	MEF2B	28.739	7.789
25	19	PRPSAP2	28.645	4.143
25	20	CD38	28.63	2.937
25	21	NCF1	28.537	2.695
25	22	IGLL5	28.121	6.56
25	23	RGS13	27.883	6.487
25	24	TPD52	27.841	2.598
25	25	COBLL1	27.576	3.204
25	26	SYVN1	27.506	2.945
25	27	MS4A1	27.397	3.787
25	28	CD19	26.855	3.283
25	29	SEC14L1	26.544	2.362
25	30	EHMT1	26.504	2.48
26	1	CD79A	87.233	5.153
26	2	MS4A1	86.399	5.033
26	3	CD74	83.057	3.827
26	4	BANK1	82.877	4.823
26	5	HLA-DRA	82.865	4.555
26	6	CD37	81.825	2.922
26	7	CD83	78.88	3.963
26	8	HLA-DQB1	77.754	3.673
26	9	HLA-DQA1	76.858	3.775
26	10	HLA-DRB1	75.082	3.554
26	11	HLA-DPB1	74.47	3.221
26	12	LAPTM5	72.187	2.421
26	13	HLA-DPA1	71.872	3.146
26	14	TNFRSF13C	71.011	4.041
26	15	JUND	67.06	1.676
26	16	LY9	66.592	3.413
26	17	BLK	66.31	4.432
26	18	IRF8	65.817	3.426
26	19	HLA-DRB5	65.576	2.842
26	20	CD19	62.436	3.978
26	21	LYN	61.376	3.131
26	22	RALGPS2	60.297	3.053
26	23	GRASP	59.709	2.985
26	24	EZR	59.612	2.076
26	25	ARHGAP24	57.824	3.708
26	26	HLA-DMA	56.762	2.421
26	27	SYNGR2	56.645	2.206
26	28	ADAM28	56.616	3.733
26	29	EEF1B2	55.405	1.461
26	30	TNFRSF13B	55.193	5.45
27	1	CD79A	81.677	5.883
27	2	CD37	78.323	3.318
27	3	CD74	78.04	4.203
27	4	MS4A1	76.707	5.216
27	5	HLA-DRA	76.525	4.912
27	6	LAPTM5	74.379	2.908
27	7	HLA-DPA1	73.715	3.873
27	8	HLA-DRB1	73.287	4.123
27	9	HLA-DQB1	72.981	4.043
27	10	HLA-DPB1	72.389	3.68
27	11	HLA-DQA1	72.07	4.167
27	12	FCER2	71.149	5.884
27	13	CD83	70.107	3.978
27	14	BANK1	68.98	4.558
27	15	HLA-DRB5	65.92	3.438
27	16	IGHM	62.062	4.872
27	17	TNFRSF13C	61.864	4.069
27	18	HLA-DMA	61.503	3.105
27	19	CD19	61.47	4.533
27	20	LYN	60.748	3.65
27	21	AFF3	58.717	3.807
27	22	HLA-DMB	58.385	3.348
27	23	NCF1	58.074	3.452
27	24	CD52	57.78	2.535
27	25	CD22	56.826	4.305
27	26	LY9	56.288	3.326
27	27	IRF8	55.527	3.403
27	28	CD72	54.873	4.021
27	29	TCL1A	54.651	5.677
27	30	BTG1	52.837	1.692
28	1	IGKV3-20	46.794	9.688
28	2	IGHV4-34	45.947	9.467
28	3	CD79A	44.163	5.602
28	4	CD37	43.464	3.377
28	5	MS4A1	43.221	5.305
28	6	RALGPS2	41.677	4.276
28	7	VPREB3	41.34	5.591
28	8	CD79B	41.034	4.918
28	9	LINC01857	39.445	5.971
28	10	CD19	39.106	4.735
28	11	CD83	38.943	3.926
28	12	BANK1	38.749	4.314
28	13	FAM129C	38.42	4.916
28	14	NCF1	38.344	3.738
28	15	ARHGAP24	37.985	4.538
28	16	TNFRSF13C	37.944	4.158
28	17	FCRLA	37.711	4.167
28	18	IRF8	37.625	3.861
28	19	CD52	37.331	2.887
28	20	TCF4	36.871	4.207
28	21	FCMR	36.348	2.907
28	22	LY9	36.08	3.69
28	23	CCND1	35.852	3.829
28	24	IGHA1	35.791	5.925
28	25	SMIM14	35.696	4.035
28	26	CD74	34.809	3.226
28	27	IGHM	34.802	4.467
28	28	LYN	34.767	3.51
28	29	PARP15	32.694	3.437
28	30	HLA-DRA	32.668	3.444
29	1	IGFBP7	20.86	7.071
29	2	RAMP2	19.661	6.718
29	3	PECAM1	19.587	6.152
29	4	CRIP2	18.984	4.805
29	5	VWF	18.877	12.516
29	6	HSPG2	18.798	6.701
29	7	ENG	18.597	6.018
29	8	EPAS1	18.549	5.837
29	9	IFITM3	18.406	4.083
29	10	PLVAP	18.316	10.17
29	11	IGFBP4	17.996	4.892
29	12	CAVIN1	17.778	5.526
29	13	SPARCL1	17.566	7.806
29	14	COL4A1	17.438	7.191
29	15	CD34	17.411	10.236
29	16	CALCRL	17.077	8.37
29	17	PDLIM1	16.87	5.102
29	18	TM4SF1	16.862	5.669
29	19	TCF4	16.856	4.494
29	20	EGFL7	16.783	6.643
29	21	CDH5	16.783	12.272
29	22	COL4A2	16.696	6.205
29	23	GNG11	16.686	5.282
29	24	NPDC1	16.654	5.203
29	25	HYAL2	16.525	5.311
29	26	APP	16.515	3.269
29	27	A2M	16.427	4.144
29	28	EMP1	16.411	3.754
29	29	PTPRB	16.316	8.865
29	30	STOM	15.993	3.601
30	1	TRIM33	40.835	4.881
30	2	MDM4	40.231	5.142
30	3	EDNRB	39.707	5.376
30	4	MBNL2	39.237	4.942
30	5	EPS8	38.44	4.915
30	6	NRAS	38.025	4.558
30	7	VMP1	37.569	4.32
30	8	NEAT1	36.966	3.502
30	9	CDH19	36.659	5.025
30	10	MYO10	36.564	4.45
30	11	RHOBTB3	36.515	4.631
30	12	SGK1	36.411	3.925
30	13	FNDC3A	36.183	4.158
30	14	PPFIBP1	35.575	4.249
30	15	ANKRD10	35.428	4.056
30	16	CCNL1	35.135	2.727
30	17	LHFPL2	34.994	4.836
30	18	ABL2	34.887	4.488
30	19	ATP2B4	34.629	4.068
30	20	CD44	34.499	2.527
30	21	PLAT	34.128	4.542
30	22	MGP	34.069	4.32
30	23	CPEB2	34.049	4.33
30	24	DST	33.98	4.242
30	25	MIR222HG	33.918	5.736
30	26	DCT	33.649	5.117
30	27	EGR1	33.575	3.94
30	28	AKAP6	33.365	5.325
30	29	PPP1R15B	33.309	3.691
30	30	IFI16	33.278	2.922
31	1	MALAT1	57.844	2.315
31	2	PDE3B	50.735	3.587
31	3	PTPRC	49.86	2.542
31	4	XIST	49.388	5.056
31	5	BACH2	48.988	3.695
31	6	CCR7	48.661	3.244
31	7	ABLIM1	48.091	3.539
31	8	FOXP1	48.085	3.1
31	9	PITPNC1	47.789	3.747
31	10	CAMK4	46.213	3.621
31	11	FYN	45.325	2.583
31	12	TGFBR2	45.28	3.023
31	13	CD6	45.071	3.141
31	14	EML4	42.146	2.411
31	15	MT-CO3	41.639	1.435
31	16	MT-CYB	41.555	1.425
31	17	PDCD4	41.332	2.314
31	18	MT-ND3	38.811	1.597
31	19	SSH2	38.577	2.746
31	20	USP3	37.986	2.859
31	21	SF1	37.779	1.704
31	22	MBNL1	37.501	1.861
31	23	IKZF1	36.593	2.405
31	24	CLEC2D	36.542	2.588
31	25	PIK3IP1	36.348	2.299
31	26	SPOCK2	35.948	2.165
31	27	MT-ATP8	35.725	1.335
31	28	SMCHD1	35.551	1.912
31	29	STK4	35.063	1.933
31	30	ANKRD12	34.94	2.002
32	1	CD8B	56.287	3.993
32	2	RPS3A	55.633	1.612
32	3	RPL34	55.549	1.905
32	4	RPS12	55.32	1.56
32	5	EEF1A1	54.469	1.222
32	6	RPS6	54.383	1.501
32	7	RPL13	54.115	1.364
32	8	RPL32	53.68	1.499
32	9	RPLP2	53.65	1.561
32	10	LINC02446	53.49	4.989
32	11	RPL21	52.909	1.632
32	12	RPS14	52.717	1.573
32	13	RPS13	51.949	1.54
32	14	TOB1	51.506	3.004
32	15	RPS27A	51.049	1.474
32	16	RPS25	50.425	1.555
32	17	EEF1B2	50.137	1.792
32	18	RPS15A	49.777	1.53
32	19	RPL9	49.586	1.481
32	20	RPL5	49.39	1.429
32	21	RPS8	49.248	1.258
32	22	RPS3	48.669	1.416
32	23	RPL35A	48.528	1.513
32	24	RPS28	48.412	1.405
32	25	RPL19	48.405	1.207
32	26	RPL14	48.329	1.291
32	27	RPL38	47.886	1.758
32	28	LEF1	47.585	2.677
32	29	KLF2	47.565	2.622
32	30	RPL37	47.273	1.486
33	1	CA8	44.089	6.348
33	2	MCAM	43.13	4.876
33	3	L1CAM	42.645	5.334
33	4	FN1	42.519	5.303
33	5	PMEL	41.804	5.638
33	6	CDK2	41.788	4.574
33	7	GNG12	41.033	3.954
33	8	S100B	40.861	4.637
33	9	MMP14	40.797	4.24
33	10	IGF2BP2	40.72	4.137
33	11	DCBLD2	40.524	4.576
33	12	WWTR1	40.456	3.781
33	13	FMN1	40.271	4.0
33	14	SOX10	40.265	3.875
33	15	KIRREL1	40.177	4.424
33	16	DUSP14	40.066	4.047
33	17	CDKN2A	40.024	4.057
33	18	CALU	39.933	3.643
33	19	ENO1	39.913	2.998
33	20	NRP2	39.86	3.802
33	21	DOCK7	39.631	3.62
33	22	CEP170	39.607	3.445
33	23	SNCA	39.597	3.779
33	24	CSTB	39.403	3.403
33	25	USP53	39.398	3.844
33	26	KRTAP19-1	39.38	6.73
33	27	ITGA3	39.084	4.424
33	28	ERBB3	39.048	3.763
33	29	WIPI1	38.98	3.819
33	30	CYTH3	38.964	3.578
34	1	IGFBP2	55.443	6.668
34	2	AKAP12	53.717	4.745
34	3	POSTN	53.046	5.744
34	4	AEBP1	52.529	4.172
34	5	STXBP1	52.39	4.639
34	6	COL6A1	52.211	4.569
34	7	AFAP1	51.71	4.449
34	8	COL4A2	51.686	5.097
34	9	NDRG1	51.579	4.3
34	10	SGCE	51.091	4.421
34	11	MYO10	51.037	4.292
34	12	CALD1	50.668	3.551
34	13	SPP1	50.14	5.457
34	14	FAM114A1	49.863	4.022
34	15	SPARCL1	49.806	6.958
34	16	CTDSPL	49.681	4.403
34	17	PTPRG	49.634	4.815
34	18	KCNQ1OT1	49.519	4.216
34	19	KHDRBS3	49.326	3.701
34	20	CALU	49.275	3.357
34	21	FSCN1	49.174	3.522
34	22	ASAP1	49.055	3.435
34	23	VIM	48.514	2.411
34	24	MYH10	48.459	3.924
34	25	ATP1B1	48.355	3.942
34	26	ITGB5	48.353	4.172
34	27	VEGFA	48.35	4.646
34	28	CAV1	48.263	3.545
34	29	MDK	48.259	3.979
34	30	ARHGAP21	48.005	3.605
35	1	SEMA5A	38.26	4.954
35	2	GDF15	38.251	4.823
35	3	MCAM	37.048	3.881
35	4	AEBP1	36.266	3.709
35	5	AKAP12	35.89	3.686
35	6	PMEL	35.665	4.675
35	7	TIMP2	35.474	3.296
35	8	PRAME	34.933	3.316
35	9	MELTF	34.612	3.866
35	10	S100A13	34.587	3.706
35	11	NRP2	34.398	3.165
35	12	C1orf21	34.216	3.126
35	13	SERPINE2	34.213	3.811
35	14	NSG1	34.082	3.654
35	15	TYR	33.855	3.426
35	16	MITF	33.778	3.429
35	17	TIMP3	33.732	3.327
35	18	PLOD3	33.58	2.976
35	19	PHLDA3	33.543	3.928
35	20	SOX10	33.485	3.088
35	21	GJB1	33.457	3.858
35	22	ITGB5	33.166	3.611
35	23	GPR143	33.12	3.561
35	24	NPAS2	33.089	3.854
35	25	BAMBI	33.011	3.264
35	26	VAT1	32.867	3.074
35	27	PYROXD2	32.836	5.165
35	28	MLPH	32.826	3.274
35	29	YAP1	32.783	4.194
35	30	MMP14	32.783	3.165
36	1	MGP	35.774	5.478
36	2	IFITM3	33.45	4.011
36	3	HSPA1A	32.09	4.219
36	4	SNRPE	31.149	4.093
36	5	CDK4	30.512	4.362
36	6	HSP90AA1	30.216	2.172
36	7	RPLP1	29.966	1.339
36	8	HSP90AB1	29.903	1.808
36	9	NRAS	29.607	4.039
36	10	FTH1	28.621	1.657
36	11	BCAS2	28.034	3.383
36	12	APOE	27.109	3.406
36	13	TUBB	25.025	2.705
36	14	EDNRB	24.986	3.524
36	15	SDCBP	24.815	2.252
36	16	DCT	23.766	3.733
36	17	UBD	23.391	4.18
36	18	HSPA1B	22.872	2.794
36	19	NPM1	22.518	1.076
36	20	AP1S2	22.455	2.627
36	21	BANCR	22.382	3.803
36	22	RPLP0	22.249	1.0
36	23	RPS23	22.088	1.16
36	24	PAGE5	21.909	4.057
36	25	ACTG1	21.529	1.007
36	26	TRIM33	21.189	2.972
36	27	BCAN	20.873	3.945
36	28	RHOBTB3	20.701	3.13
36	29	RPS5	20.62	1.023
36	30	RPL13A	20.23	0.885
37	1	A2M	94.183	6.436
37	2	SFRP1	92.874	6.018
37	3	COL11A1	90.505	6.108
37	4	S100A1	90.389	5.302
37	5	ISYNA1	89.926	4.528
37	6	NES	89.388	5.008
37	7	MFGE8	89.321	4.662
37	8	ST13	88.104	3.114
37	9	LY6E	87.452	3.66
37	10	CYB5R3	87.427	3.515
37	11	PYGL	87.368	4.34
37	12	TSPO	87.13	3.511
37	13	IGFBP7	86.952	5.901
37	14	GAPDH	86.159	3.201
37	15	ENPP2	85.929	5.174
37	16	DLC1	85.888	4.328
37	17	COL1A2	85.51	5.392
37	18	NDUFA6	85.179	3.36
37	19	ENAH	84.559	4.084
37	20	GDF15	84.322	5.5
37	21	ID4	84.25	4.514
37	22	ZNF704	84.119	4.695
37	23	PCDH7	84.098	4.403
37	24	IFI27	84.045	4.802
37	25	TNC	83.616	4.826
37	26	ZNF106	83.502	3.851
37	27	PLAT	83.304	4.31
37	28	BSG	82.913	2.909
37	29	ANXA5	82.484	3.227
37	30	APP	82.233	3.584
38	1	GAPDH	38.982	3.377
38	2	S100A1	37.116	5.24
38	3	RPL8	36.009	1.981
38	4	LGALS1	35.203	4.121
38	5	IFI27	33.425	4.765
38	6	LY6E	32.423	3.237
38	7	A2M	30.605	4.29
38	8	RPS18	29.766	1.535
38	9	ANXA5	28.394	2.933
38	10	RPL7	27.911	1.676
38	11	IGFBP7	27.826	4.702
38	12	ST13	27.695	2.755
38	13	TUBB	27.424	2.774
38	14	PPIA	26.183	1.313
38	15	SLC25A5	25.5	2.329
38	16	TSPO	25.407	2.81
38	17	S100A11	25.074	2.597
38	18	HSPB1	24.924	2.406
38	19	RPL29	23.77	1.176
38	20	APOE	23.562	2.988
38	21	RPL14	22.871	1.07
38	22	LGALS3	22.783	2.623
38	23	CRYAB	22.736	3.459
38	24	SFRP1	22.713	3.604
38	25	FTL	22.376	1.342
38	26	RPLP1	22.09	0.983
38	27	RPS5	21.733	1.077
38	28	MIF	21.661	1.529
38	29	RPS19	21.203	0.956
38	30	LDHB	21.144	1.591
39	1	MFSD12	78.294	5.139
39	2	PMEL	77.913	6.645
39	3	PAEP	77.113	10.498
39	4	LY6K	76.824	6.276
39	5	GNG11	75.94	6.602
39	6	QPCT	74.962	6.214
39	7	TYRP1	74.612	8.377
39	8	MIF	74.359	3.273
39	9	CD63	74.3	3.928
39	10	S100A16	74.108	5.615
39	11	WFDC1	73.845	7.168
39	12	CTSL	73.446	4.952
39	13	TYR	73.316	4.888
39	14	BACE2	73.209	4.313
39	15	HMG20B	72.946	3.891
39	16	DUSP23	72.329	4.233
39	17	OLFM1	71.93	7.628
39	18	TFPI2	71.681	5.911
39	19	GPR143	71.507	4.734
39	20	GSTP1	71.147	3.527
39	21	OCA2	70.692	9.596
39	22	PPP1R14B	70.518	3.534
39	23	GRINA	70.335	3.35
39	24	APOE	70.159	5.037
39	25	CTSK	69.539	5.821
39	26	NQO1	69.24	5.337
39	27	C11orf96	69.177	5.144
39	28	RASIP1	69.06	6.048
39	29	IGFBP4	68.967	4.296
39	30	BAMBI	68.87	4.493
40	1	MGP	116.757	6.842
40	2	BANCR	116.516	6.504
40	3	PAGE5	116.305	7.022
40	4	SNRPE	115.97	4.895
40	5	BCAS2	115.761	4.198
40	6	EDNRB	115.578	5.469
40	7	CDK4	115.325	5.078
40	8	IFITM3	113.728	4.939
40	9	RHOBTB3	113.368	5.094
40	10	NRAS	112.799	4.6
40	11	SPRY2	112.247	5.09
40	12	BCAN	111.966	7.054
40	13	DCT	108.175	6.077
40	14	TRIM33	108.025	3.928
40	15	TSPAN31	107.664	4.728
40	16	CD59	106.757	3.776
40	17	SOX4	106.328	4.343
40	18	ERGIC3	106.297	3.059
40	19	RPLP1	105.735	1.811
40	20	AP1S2	105.089	3.679
40	21	EPS8	104.748	3.891
40	22	SERPING1	104.335	4.459
40	23	PLAT	104.207	4.681
40	24	RDX	103.547	3.856
40	25	SERPINF1	103.221	4.846
40	26	PLP1	102.683	4.018
40	27	EMP1	101.97	4.266
40	28	CDH19	101.728	4.055
40	29	SGK1	101.69	3.558
40	30	EGR1	101.368	3.942
