celltype	old_frac	new_frac
T_CD4	0.2609343994739747	0.21513027346272617
Melanocyte	0.25675437669519885	0.18888771472518698
Unassigned	0.0	0.15105616024986204
T_CD8	0.2085549567320676	0.13195251681989503
B	0.11377646271443165	0.12332241361090564
T_reg	0.05999976516725962	0.05999976516725962
DC	0.0033463665504244603	0.04319748259302312
Fibroblast	0.0	0.03791374593445818
NK	0.02302535019432409	0.024328671903436776
Macrophage	0.053811922458229126	0.013960806415630467
pDC	0.008207404276304201	0.008207404276304201
Endothelial	0.002043044841311776	0.002043044841311776
Plasma	0.009545950896473986	0.0
