cluster	assigned	margin	score_T_CD8	score_T_CD4	score_T_reg	score_NK	score_B	score_Plasma	score_Macrophage	score_DC	score_pDC	score_Endothelial	score_Fibroblast	score_Melanocyte
0	T_reg	1.315	0.216	0.383	1.698	-0.262	-0.339	0.014	-0.451	-0.365	-0.099	-0.027	0.015	-0.619
1	T_CD4	0.329	0.338	0.667	-0.016	-0.056	-0.164	0.001	-0.077	-0.226	-0.019	-0.018	0.023	-0.111
2	T_CD4	0.474	0.489	0.964	-0.031	-0.098	-0.217	0.004	-0.161	-0.278	-0.045	-0.03	0.021	-0.312
3	T_CD4	0.736	0.343	1.079	-0.026	-0.124	-0.133	-0.04	-0.195	-0.274	-0.031	-0.028	0.037	-0.078
4	T_CD4	0.925	0.391	1.316	-0.195	-0.11	-0.131	-0.073	-0.158	-0.332	-0.084	0.078	0.028	-0.159
5	T_CD8	0.03	0.159	0.013	0.128	0.114	-0.16	0.048	-0.098	-0.105	0.082	-0.074	-0.002	-0.353
6	T_CD4	0.589	-0.068	0.676	0.035	-0.081	-0.067	-0.014	-0.196	-0.154	0.087	-0.012	0.075	-0.208
7	T_CD8	0.483	1.241	-0.351	-0.026	0.758	-0.732	0.116	-0.379	-0.287	0.137	-0.276	-0.041	-1.006
8	DC	1.072	-0.738	-0.599	-0.316	-0.047	-0.35	-0.053	0.468	1.54	-0.128	-0.223	-0.259	-0.038
9	T_CD8	0.035	0.728	-0.402	0.186	0.693	-0.508	0.099	-0.172	-0.526	0.29	-0.124	0.013	-0.649
10	T_CD8	0.543	1.189	-0.49	0.039	0.646	-0.68	0.308	-0.268	-0.339	0.031	-0.207	-0.029	-0.827
11	T_CD8	0.819	1.257	0.439	-0.261	0.215	-0.447	0.031	-0.234	-0.273	-0.08	-0.251	0.004	-0.747
12	Melanocyte	0.276	-0.38	-0.38	-0.002	0.027	-0.084	0.025	0.351	0.091	0.007	0.067	0.07	0.628
13	Melanocyte	0.752	-0.344	-0.285	-0.1	-0.007	0.003	0.133	0.119	-0.026	-0.162	0.163	0.307	1.058
14	NK	0.335	0.123	0.159	-0.154	0.494	-0.249	-0.08	-0.063	-0.209	0.143	-0.076	-0.027	-0.134
15	Macrophage	1.289	-0.816	-1.317	-0.41	-0.029	-0.825	-0.158	2.166	0.877	-0.283	-0.059	-0.0	-0.337
16	Macrophage	1.965	-1.103	-1.419	-0.845	-0.121	-1.273	-0.431	3.397	1.431	-0.568	-0.177	-0.301	-1.492
17	pDC	2.541	-1.078	-1.092	-0.315	-0.991	-0.461	2.245	-0.445	-0.969	4.786	-0.473	-1.529	-0.063
18	B	0.559	-1.079	-0.568	0.002	-0.401	1.028	-0.026	-0.08	0.469	0.415	0.002	-0.072	0.075
19	B	1.139	-0.965	-0.508	0.004	-0.411	1.577	-0.145	-0.408	0.438	0.186	-0.019	0.004	-0.128
20	Melanocyte	0.331	-0.268	-0.37	0.02	0.04	0.062	-0.013	0.152	0.125	0.049	0.008	-0.061	0.483
21	B	1.175	-0.367	0.195	-0.117	-0.443	1.397	-0.082	-0.585	0.222	0.009	-0.041	-0.025	-0.279
22	T_CD4	0.743	0.369	1.112	-0.168	-0.087	-0.203	-0.021	-0.183	-0.286	-0.039	0.035	0.004	0.051
23	NK	2.638	-0.354	-0.115	-0.056	2.582	-0.436	-0.358	-0.322	-0.328	-0.181	-0.314	-0.778	-0.52
24	T_CD8	0.254	0.698	-0.23	0.443	0.322	-0.507	0.134	-0.304	-0.243	0.06	-0.131	-0.02	-0.734
25	Plasma	0.571	-0.763	-0.873	-0.269	-0.448	1.489	2.06	-0.841	0.099	0.792	-0.57	-1.012	-0.083
26	B	1.076	-1.059	-0.682	-0.054	-0.489	1.7	0.011	-0.361	0.624	0.098	-0.064	-0.108	-0.162
27	B	1.882	-1.15	-0.819	-0.334	-0.534	2.593	-0.189	-0.74	0.711	0.013	-0.021	-0.009	-0.087
28	B	1.8	-1.195	-0.986	-0.099	-0.931	2.675	0.13	-0.888	0.293	0.875	-0.021	-0.146	-0.284
29	Endothelial	6.241	-0.785	-0.568	0.143	-0.509	-0.189	-1.008	-0.272	-0.266	0.38	6.621	-1.321	-0.062
30	Melanocyte	0.952	-0.332	-0.481	0.001	-0.045	-0.004	0.074	0.169	-0.038	-0.025	0.044	0.225	1.178
31	T_CD4	0.81	-0.097	0.892	-0.078	-0.063	-0.135	-0.028	-0.177	-0.126	0.038	0.039	-0.002	0.082
32	T_CD4	0.403	0.852	1.255	-0.484	-0.182	-0.27	-0.101	-0.097	-0.37	-0.195	0.181	0.024	-0.064
33	Melanocyte	1.412	-0.39	-0.271	-0.079	0.174	0.045	0.013	0.113	0.025	-0.153	0.243	-0.182	1.655
34	Melanocyte	0.105	-0.334	-0.365	0.002	0.134	0.024	-0.385	0.057	-0.125	-0.318	0.307	0.488	0.593
35	Melanocyte	1.195	-0.373	-0.412	-0.015	0.033	-0.017	-0.079	0.11	0.181	-0.228	0.39	-0.195	1.585
36	Melanocyte	0.822	-0.343	-0.5	0.04	0.021	0.007	0.011	0.135	0.136	-0.067	0.143	0.053	0.965
37	Melanocyte	0.71	-0.363	-0.392	0.026	0.022	-0.023	-0.243	0.145	-0.152	-0.257	0.207	0.342	1.053
38	Melanocyte	0.242	-0.292	-0.389	0.091	0.048	-0.044	-0.006	0.211	0.03	-0.01	0.034	-0.008	0.453
39	Melanocyte	2.103	-0.317	-0.418	-0.422	-0.044	-0.018	-0.192	-0.23	0.222	-0.233	0.244	0.295	2.398
40	Melanocyte	1.274	-0.428	-0.612	-0.033	-0.049	0.017	0.015	0.071	0.178	-0.122	0.253	0.159	1.527
