sample	ifng_response_sd	ifng_response_p90_p10	ifng_response_hi_pct	ifng_response_genes	antigen_presentation_sd	antigen_presentation_p90_p10	antigen_presentation_hi_pct	antigen_presentation_genes	proliferation_sd	proliferation_p90_p10	proliferation_hi_pct	proliferation_genes	emt_sd	emt_p90_p10	emt_hi_pct	emt_genes	hypoxia_sd	hypoxia_p90_p10	hypoxia_hi_pct	hypoxia_genes	tnf_nfkb_sd	tnf_nfkb_p90_p10	tnf_nfkb_hi_pct	tnf_nfkb_genes	interferon_alpha_sd	interferon_alpha_p90_p10	interferon_alpha_hi_pct	interferon_alpha_genes	il2_stat5_sd	il2_stat5_p90_p10	il2_stat5_hi_pct	il2_stat5_genes	il6_jak_stat3_sd	il6_jak_stat3_p90_p10	il6_jak_stat3_hi_pct	il6_jak_stat3_genes	tgf_beta_sd	tgf_beta_p90_p10	tgf_beta_hi_pct	tgf_beta_genes	wnt_beta_catenin_sd	wnt_beta_catenin_p90_p10	wnt_beta_catenin_hi_pct	wnt_beta_catenin_genes	kras_up_sd	kras_up_p90_p10	kras_up_hi_pct	kras_up_genes	angiogenesis_sd	angiogenesis_p90_p10	angiogenesis_hi_pct	angiogenesis_genes	oxidative_phosphorylation_sd	oxidative_phosphorylation_p90_p10	oxidative_phosphorylation_hi_pct	oxidative_phosphorylation_genes	glycolysis_sd	glycolysis_p90_p10	glycolysis_hi_pct	glycolysis_genes	mtorc1_sd	mtorc1_p90_p10	mtorc1_hi_pct	mtorc1_genes	g2m_checkpoint_sd	g2m_checkpoint_p90_p10	g2m_checkpoint_hi_pct	g2m_checkpoint_genes
GSM7833076	0.74811	1.69971	0.71429	196	0.82829	1.78907	0.69231	195	0.77889	2.01766	0.59694	196	0.89515	2.2234	0.55051	198	0.87638	2.17816	0.52308	195	0.79977	2.10521	0.60101	198	0.75022	1.68073	0.61053	95	0.78777	1.81279	0.5736	197	0.75414	1.94427	0.6092	87	0.95967	2.08259	0.38889	54	0.93384	2.06558	0.35714	42	0.83478	2.1037	0.53535	198	1.11903	2.81926	0.52778	36	0.82466	2.02933	0.53514	185	0.96039	2.3065	0.56061	198	0.82012	2.08133	0.58462	195	0.81425	2.15553	0.54974	191
GSM7833077	0.53574	1.29711	0.37755	196	0.71342	1.58897	0.43077	195	0.81689	1.89582	0.64796	196	0.72407	1.93496	0.41919	198	0.88541	1.95488	0.55385	195	0.80298	1.99504	0.49495	198	0.59658	1.34252	0.37895	95	0.81357	1.9475	0.52284	197	0.77509	1.58232	0.37931	87	0.68052	1.57823	0.61111	54	0.84047	2.12805	0.64286	42	0.70061	1.76423	0.43939	198	0.78484	1.84014	0.36111	36	0.8007	2.0502	0.35676	185	0.8567	2.03522	0.4899	198	0.79372	1.89041	0.50769	195	0.73646	1.69002	0.63874	191
GSM7833078	1.03628	2.67244	0.25	196	0.90072	2.27272	0.2359	195	0.75668	1.89357	0.34184	196	0.91259	2.16561	0.43434	198	0.96261	2.42133	0.35385	195	0.89756	2.25243	0.25758	198	1.01616	2.7346	0.25263	95	1.00141	2.46853	0.36548	197	0.97073	2.44584	0.2069	87	1.02514	2.82341	0.42593	54	0.79764	1.61119	0.38095	42	1.03884	2.60124	0.31818	198	0.85851	2.01138	0.36111	36	0.88279	2.23627	0.61081	185	0.93282	2.3873	0.5	198	1.06506	2.79953	0.51282	195	0.89549	2.10056	0.37696	191
GSM7833079	0.99364	2.3968	0.30102	196	1.06995	2.75815	0.27179	195	1.29084	3.19319	0.66327	196	0.90459	2.31626	0.29798	198	1.0926	2.8935	0.39487	195	1.04169	2.50482	0.42424	198	1.00415	2.53692	0.36842	95	1.0242	2.6608	0.41117	197	1.00139	2.33476	0.27586	87	1.05217	2.75296	0.46296	54	1.28303	3.06883	0.38095	42	1.15841	2.88517	0.42929	198	0.73624	1.7056	0.41667	36	1.44362	3.77966	0.63784	185	1.25469	3.4093	0.41919	198	1.35349	3.48679	0.48718	195	1.35923	3.59193	0.56545	191
GSM7833080	0.87429	2.25997	0.66327	196	0.93708	2.22188	0.69231	195	0.68872	1.6182	0.07143	196	1.21164	3.12595	0.83333	198	1.14854	3.02239	0.53846	195	0.9985	2.53374	0.68182	198	0.79958	1.5832	0.57895	95	1.00587	2.5686	0.62944	197	0.99438	2.2988	0.74713	87	1.16979	3.24297	0.74074	54	1.2635	2.77002	0.45238	42	1.12946	2.87971	0.55051	198	1.18579	2.96706	0.75	36	0.91521	2.20412	0.24324	185	1.12478	2.97452	0.41919	198	0.99361	2.59192	0.34872	195	0.86271	2.06845	0.21466	191
GSM7833081	0.67261	1.67973	0.61224	196	0.60591	1.42305	0.50256	195	0.61927	1.49383	0.57653	196	0.62205	1.43426	0.63636	198	0.63275	1.57122	0.53846	195	0.63252	1.58006	0.5202	198	0.67461	1.63154	0.77895	95	0.67274	1.66724	0.51777	197	0.61202	1.41229	0.52874	87	0.66399	1.5538	0.48148	54	0.90256	1.77089	0.47619	42	0.61683	1.44513	0.59091	198	0.5683	1.26978	0.69444	36	0.72445	1.75395	0.5027	185	0.67521	1.6739	0.5303	198	0.69576	1.64895	0.54359	195	0.66613	1.68311	0.47644	191
GSM7833082	0.61149	1.50008	0.71429	196	0.7297	1.69029	0.67179	195	0.64207	1.61951	0.44388	196	0.74989	1.90921	0.67172	198	0.80789	2.03612	0.44103	195	0.73718	1.78027	0.5	198	0.59009	1.40661	0.68421	95	0.71362	1.75954	0.5533	197	0.779	1.7233	0.5977	87	0.68665	1.63484	0.59259	54	0.6695	1.50178	0.54762	42	0.70117	1.79169	0.49495	198	0.82581	2.09818	0.52778	36	0.8065	1.89565	0.39459	185	0.7705	1.82933	0.50505	198	0.81036	2.02911	0.6359	195	0.66745	1.70603	0.51832	191
GSM7833083	1.02294	2.77303	0.15306	196	1.02164	2.28607	0.18974	195	0.87251	2.03364	0.75	196	0.85241	2.28413	0.27273	198	1.10027	2.70206	0.42564	195	0.97358	2.45035	0.28283	198	1.14324	2.97791	0.17895	95	1.03332	2.65094	0.31472	197	0.87596	2.35535	0.1954	87	1.16782	2.89292	0.5	54	1.05132	2.27409	0.66667	42	1.09224	2.72705	0.30303	198	1.20046	2.31736	0.30556	36	1.15108	2.89411	0.45946	185	1.11001	2.73113	0.49495	198	1.10704	2.88805	0.58462	195	0.88916	2.14782	0.79581	191
GSM7833084	0.88897	2.16999	0.88776	196	0.96611	2.42332	0.81538	195	0.7868	1.82144	0.56122	196	0.97256	2.45768	0.39394	198	0.97603	2.39653	0.38462	195	1.11736	2.74664	0.61616	198	0.83497	1.87121	0.92632	95	1.09419	2.77464	0.60406	197	1.2165	2.58176	0.68966	87	1.05746	2.51197	0.55556	54	0.88638	1.76126	0.35714	42	1.14852	2.78911	0.5202	198	1.31255	2.76765	0.33333	36	0.71561	1.77897	0.35676	185	0.95634	2.23138	0.31818	198	0.97666	2.50612	0.38974	195	0.78456	2.04725	0.62304	191
GSM7833085	0.85157	1.7566	0.29082	196	0.82504	1.58379	0.28205	195	1.11461	2.44322	0.45918	196	1.04192	2.35811	0.30303	198	1.22378	2.877	0.41538	195	0.88762	2.15226	0.37879	198	0.85361	1.86878	0.27368	95	0.91482	2.25905	0.35533	197	0.90499	2.09283	0.37931	87	0.89885	2.01339	0.40741	54	0.94186	2.01472	0.45238	42	0.95513	2.26071	0.28283	198	1.29783	1.9885	0.27778	36	1.30047	2.99544	0.30811	185	0.99983	2.43416	0.37879	198	1.06887	2.4149	0.46154	195	0.92311	2.19508	0.52356	191
GSM7833086	0.7533	1.70658	0.62245	196	0.7833	2.13909	0.51795	195	1.05914	2.56262	0.57653	196	0.88532	2.18486	0.28283	198	0.95223	2.35301	0.34872	195	0.86	2.10241	0.42929	198	0.77514	1.70889	0.70526	95	1.02668	2.50518	0.38071	197	0.93143	2.25648	0.49425	87	0.80014	2.32569	0.18519	54	1.02895	2.31164	0.19048	42	0.88915	2.20726	0.37374	198	1.11883	1.80383	0.19444	36	1.10899	2.89624	0.6	185	1.08652	2.73778	0.41919	198	1.00317	2.58594	0.49744	195	1.07322	2.77057	0.43979	191
GSM7833087	0.78639	1.90622	0.21429	196	0.85351	1.8966	0.22564	195	0.8392	2.10278	0.61735	196	0.73314	1.81662	0.70202	198	0.92717	2.17631	0.52308	195	0.88856	2.25116	0.45455	198	0.70838	1.69992	0.13684	95	0.95518	2.35351	0.38579	197	0.74565	1.91017	0.27586	87	0.84419	2.0782	0.7037	54	1.11635	2.7217	0.61905	42	0.81419	2.09756	0.44949	198	0.75787	1.85936	0.69444	36	1.07476	2.8654	0.44865	185	1.01635	2.48716	0.56061	198	0.99782	2.53022	0.61538	195	0.79325	2.01485	0.73298	191
GSM7833088	0.76238	1.70179	0.67857	196	0.79472	2.0059	0.71795	195	0.77267	1.88704	0.59694	196	0.82814	2.03159	0.69192	198	0.89794	2.42801	0.38974	195	0.88227	2.3359	0.60101	198	0.73363	1.55534	0.6	95	0.9356	2.29165	0.58376	197	0.82847	1.9514	0.68966	87	0.96852	2.22544	0.51852	54	0.75964	1.9385	0.30952	42	0.91301	2.15943	0.57576	198	0.7462	1.8222	0.63889	36	0.86376	2.22978	0.49189	185	0.89957	2.44025	0.39394	198	0.92621	2.29928	0.31282	195	0.79877	1.79764	0.47644	191
GSM7833089	0.64167	1.57941	0.78571	196	0.71904	1.72586	0.77436	195	0.65347	1.60709	0.60714	196	0.71802	1.83411	0.73232	198	0.71958	1.77969	0.51795	195	0.73442	1.80608	0.66667	198	0.60178	1.52726	0.66316	95	0.7183	1.80154	0.68528	197	0.68234	1.68948	0.75862	87	0.82779	2.00609	0.62963	54	0.81779	1.89146	0.5	42	0.85027	1.94697	0.60101	198	0.66476	1.55448	0.58333	36	0.76808	1.97268	0.31892	185	0.72971	1.7903	0.49495	198	0.71827	1.86703	0.56923	195	0.70976	1.72796	0.63351	191
GSM7833090	0.70679	1.76706	0.55612	196	0.61235	1.40095	0.58462	195	0.7015	1.67772	0.33163	196	0.70216	1.78757	0.66667	198	0.83347	1.95463	0.50769	195	0.7446	1.88511	0.65152	198	0.71507	1.76686	0.51579	95	0.77299	1.96127	0.52792	197	0.62652	1.54646	0.58621	87	0.63926	1.62833	0.68519	54	0.67765	1.55324	0.59524	42	0.80711	1.86641	0.59091	198	0.80095	1.67885	0.55556	36	0.77293	1.93769	0.43784	185	0.77219	1.95453	0.43939	198	0.74208	1.8648	0.46154	195	0.73506	1.9095	0.41885	191
GSM7833091	0.85528	2.0245	0.70408	196	0.77927	1.9441	0.61538	195	0.74881	1.85916	0.30612	196	0.64996	1.6673	0.43434	198	0.86879	2.11864	0.43077	195	0.70779	1.68876	0.43434	198	0.79263	1.8562	0.77895	95	0.80003	1.98093	0.54315	197	0.70158	1.78667	0.48276	87	0.9452	2.27592	0.5	54	0.73593	1.99478	0.54762	42	0.72091	1.71274	0.41919	198	0.83916	2.04447	0.44444	36	0.98047	2.50776	0.68649	185	0.79521	2.00252	0.42424	198	0.81769	2.10831	0.46154	195	0.85648	2.00256	0.37173	191
GSM7833092	1.0197	2.67593	0.84694	196	1.36075	3.12891	0.74872	195	0.88593	2.35217	0.26531	196	1.12765	2.82316	0.69192	198	1.41489	3.35795	0.53846	195	1.41147	3.65106	0.82323	198	0.94203	2.50936	0.84211	95	1.42177	3.64745	0.63452	197	1.22602	2.61427	0.75862	87	1.43636	3.7804	0.57407	54	1.23502	3.01953	0.42857	42	1.46345	3.58672	0.60101	198	1.0238	2.87094	0.69444	36	0.89325	2.27315	0.24324	185	1.11275	2.81022	0.31818	198	1.30428	3.38684	0.35385	195	1.01398	2.52745	0.34555	191
GSM7833093	0.64633	1.57934	0.38776	196	0.62212	1.43987	0.3641	195	0.78874	1.85214	0.59694	196	0.81119	1.9955	0.35859	198	0.867	2.29083	0.5641	195	0.73389	1.86162	0.4899	198	0.62346	1.49827	0.43158	95	0.90177	2.1832	0.49746	197	0.58867	1.27849	0.45977	87	0.85926	2.14582	0.5	54	0.78412	1.67972	0.54762	42	0.80386	1.84341	0.50505	198	0.59708	1.39121	0.38889	36	0.93164	2.37189	0.60541	185	0.93695	2.49904	0.5303	198	0.85695	2.15937	0.67179	195	0.77027	1.83449	0.63351	191
GSM7833094	0.75055	1.88951	0.33673	196	0.76493	1.76467	0.28718	195	0.84982	2.07983	0.5051	196	0.7832	1.89687	0.19697	198	0.9894	2.67434	0.37949	195	0.87148	2.14955	0.26263	198	0.7765	2.07868	0.42105	95	0.86409	2.12861	0.32995	197	0.84177	1.92437	0.31034	87	0.96837	2.23469	0.31481	54	0.8946	2.02561	0.30952	42	0.83787	2.037	0.30303	198	0.8865	1.842	0.30556	36	1.0316	2.62691	0.62703	185	1.07609	2.71328	0.52525	198	1.02128	2.67469	0.45641	195	0.88065	2.34051	0.42932	191
GSM7833095	0.80577	2.13039	0.7602	196	0.80592	1.96308	0.75897	195	0.7489	1.76535	0.14796	196	0.91804	2.41223	0.60606	198	0.94864	2.31415	0.53333	195	0.95171	2.31286	0.78283	198	0.79134	1.83372	0.63158	95	1.09087	2.58967	0.6599	197	0.87454	2.07082	0.78161	87	1.12898	2.51117	0.62963	54	0.9255	2.33274	0.28571	42	1.21245	2.6199	0.62121	198	1.36081	2.6378	0.52778	36	0.88689	2.18198	0.48649	185	0.93468	2.36655	0.36364	198	1.01305	2.59649	0.4359	195	0.84345	2.09391	0.19372	191
GSM7833096	0.8564	2.00888	0.13265	196	0.80028	1.67053	0.11795	195	1.00262	2.65926	0.37245	196	0.89086	2.40718	0.20202	198	0.96937	2.61366	0.38462	195	0.91767	2.43835	0.18182	198	0.81889	2.01241	0.12632	95	1.02847	2.63353	0.27411	197	0.80387	1.8615	0.18391	87	1.14426	2.29515	0.33333	54	0.94523	2.18648	0.45238	42	1.06231	2.55583	0.24747	198	0.88235	1.72029	0.22222	36	1.09725	2.81029	0.47027	185	1.06679	2.70477	0.47475	198	1.13258	2.96845	0.39487	195	1.03379	2.51029	0.3822	191
GSM7833097	0.79859	1.95551	0.88265	196	0.91663	2.25166	0.69231	195	0.56237	1.365	0.31122	196	0.72592	1.803	0.29293	198	0.76847	2.00085	0.46154	195	0.9084	2.24775	0.53535	198	0.76897	1.83091	0.91579	95	0.82188	2.02103	0.59898	197	0.86613	2.23169	0.71264	87	0.74387	1.95148	0.40741	54	0.68315	1.52757	0.2381	42	0.84459	2.19282	0.42424	198	0.67504	1.46436	0.19444	36	0.71634	1.76953	0.40541	185	0.74238	1.77659	0.44444	198	0.81567	2.06909	0.50769	195	0.62973	1.54002	0.3089	191
GSM7833098	0.694	1.58624	0.86735	196	0.79751	1.92133	0.81538	195	0.81066	2.08068	0.77551	196	1.16806	2.81866	0.60101	198	1.02098	2.39324	0.65128	195	1.05003	2.30328	0.74242	198	0.57365	1.27904	0.89474	95	0.99907	2.3516	0.68528	197	1.18829	2.17867	0.81609	87	0.94564	2.32052	0.62963	54	1.14972	1.86596	0.5	42	1.092	2.55967	0.5303	198	0.85266	2.1873	0.44444	36	0.82294	2.17512	0.37297	185	1.09875	2.43985	0.59091	198	0.86275	2.1117	0.75897	195	0.79652	2.0776	0.78534	191
GSM7833099	0.86169	2.17441	0.26531	196	0.85836	1.67903	0.24103	195	0.82507	2.01193	0.43878	196	0.91079	2.2665	0.22222	198	0.91694	2.41131	0.37436	195	0.80569	2.05143	0.26768	198	0.81115	1.99239	0.23158	95	0.95051	2.37354	0.29949	197	0.74768	1.59749	0.13793	87	0.91731	2.60049	0.31481	54	0.83802	1.99435	0.5	42	0.86635	2.12769	0.26263	198	1.29372	3.01124	0.38889	36	0.92431	2.36493	0.47027	185	0.90838	2.27994	0.4798	198	0.77652	1.99479	0.50256	195	0.85268	2.03324	0.41361	191
GSM7833100	0.79765	1.80939	0.47449	196	0.71939	1.4237	0.42051	195	0.80629	1.9703	0.63776	196	0.75198	1.81074	0.32323	198	0.88643	2.2673	0.31282	195	0.84519	2.06313	0.32828	198	0.67525	1.67689	0.56842	95	0.77736	1.91395	0.27919	197	0.72507	1.6773	0.29885	87	1.15051	2.13217	0.25926	54	0.84639	2.11426	0.45238	42	0.83668	1.94194	0.32323	198	0.7955	1.55588	0.33333	36	0.9673	2.37993	0.38919	185	0.89936	2.33499	0.36869	198	0.88498	2.04236	0.35897	195	0.80365	2.00882	0.55497	191
GSM7833101	0.91507	2.05545	0.12245	196	1.03168	2.48104	0.18462	195	0.96766	2.1322	0.91837	196	0.93151	2.47485	0.30808	198	1.08857	2.61981	0.4	195	0.97278	2.46344	0.26263	198	0.9752	2.25026	0.12632	95	1.09923	2.63459	0.28934	197	1.08088	2.61843	0.17241	87	0.9371	2.0368	0.31481	54	1.12219	2.67489	0.35714	42	0.92965	2.1589	0.24242	198	0.74588	1.81399	0.19444	36	1.09753	2.80148	0.55676	185	1.11697	2.90255	0.4899	198	1.24553	3.23072	0.5641	195	1.12994	2.7365	0.79581	191
GSM7833102	0.76797	1.83649	0.63776	196	0.64571	1.50237	0.72308	195	0.69236	1.76059	0.58163	196	0.80053	1.98603	0.72727	198	0.85396	2.16119	0.51282	195	0.80054	2.09902	0.66162	198	0.69708	1.73554	0.49474	95	0.81934	2.08493	0.58376	197	0.86908	2.14895	0.67816	87	0.96282	1.89579	0.53704	54	0.81165	1.81831	0.35714	42	0.84319	2.07723	0.66162	198	0.79017	2.06222	0.72222	36	0.70328	1.72129	0.36757	185	0.90155	1.98721	0.4697	198	0.72424	1.88426	0.53333	195	0.70995	1.70168	0.6178	191
GSM7833103	0.9089	2.17923	0.16327	196	0.94833	2.2849	0.18462	195	1.12611	2.95193	0.83163	196	1.22712	3.03418	0.55051	198	0.91014	2.28503	0.33333	195	1.12221	2.64261	0.34848	198	0.76807	1.92987	0.13684	95	1.1523	2.76961	0.36548	197	1.04084	2.60032	0.31034	87	1.0928	2.67107	0.53704	54	1.11424	2.70707	0.47619	42	1.1628	2.80944	0.32323	198	1.27542	3.17198	0.44444	36	0.99577	2.51411	0.48108	185	1.06732	2.68276	0.47475	198	1.0152	2.73602	0.53846	195	1.16743	3.07387	0.78534	191
GSM7833104	0.71234	1.80692	0.2551	196	0.66924	1.60528	0.36923	195	0.87925	2.27522	0.22959	196	0.90384	2.22102	0.22222	198	1.02003	2.6618	0.3641	195	0.95368	2.22358	0.28283	198	1.01024	2.02848	0.26316	95	0.8899	2.19281	0.35025	197	0.59668	1.30808	0.32184	87	0.94026	2.1765	0.27778	54	1.12488	2.49331	0.42857	42	0.86076	1.99746	0.37879	198	0.73917	1.83737	0.19444	36	0.95354	2.51268	0.65405	185	1.06753	2.7064	0.40909	198	0.99563	2.49091	0.38974	195	0.98601	2.42999	0.29843	191
GSM7833105	0.86457	2.08361	0.18878	196	0.89048	1.86702	0.11795	195	0.90498	2.21702	0.68878	196	0.81782	1.99933	0.29293	198	0.98907	2.34373	0.33846	195	0.79176	2.03396	0.22727	198	0.90969	2.18826	0.24211	95	0.9912	2.48316	0.29949	197	0.92399	1.99212	0.1954	87	0.89961	2.0104	0.35185	54	1.00617	2.07689	0.47619	42	0.87564	2.09483	0.21717	198	0.63966	1.52395	0.30556	36	1.12021	2.86269	0.63243	185	0.98932	2.35042	0.46465	198	1.03654	2.69331	0.46667	195	0.82076	2.0802	0.73298	191
GSM7833106	0.66602	1.6723	0.73469	196	0.74158	1.83126	0.68205	195	0.63231	1.45666	0.15816	196	0.80458	2.08419	0.4899	198	0.71096	1.70436	0.36923	195	0.72964	1.78677	0.48485	198	0.63473	1.53371	0.69474	95	0.77764	2.08292	0.54822	197	0.71159	1.84189	0.65517	87	0.53457	1.34491	0.27778	54	0.59296	1.44204	0.2619	42	0.77359	1.98538	0.48485	198	0.65623	1.76782	0.33333	36	0.69194	1.79015	0.50811	185	0.67816	1.69698	0.37879	198	0.70185	1.71216	0.35385	195	0.63301	1.57398	0.15707	191
GSM7833107	0.69117	1.81243	0.79592	196	0.5666	1.25103	0.49231	195	0.76376	1.94449	0.19898	196	0.73725	1.92752	0.69192	198	0.71008	1.88243	0.50256	195	0.69699	1.80414	0.58081	198	0.68499	1.74845	0.86316	95	0.72209	1.85311	0.59898	197	0.6068	1.53367	0.62069	87	0.69401	1.73145	0.59259	54	1.12453	2.56271	0.57143	42	0.77504	2.07355	0.51515	198	0.79942	2.14303	0.63889	36	0.85519	2.17557	0.58919	185	0.77187	1.87136	0.41414	198	0.79809	1.98754	0.38462	195	0.86002	2.13392	0.18848	191
GSM7833108	0.69694	1.58096	0.57653	196	0.72671	1.59945	0.33333	195	0.76282	1.92896	0.78061	196	0.7442	1.87601	0.32323	198	0.96719	2.29927	0.49744	195	0.79944	1.95613	0.41414	198	0.6172	1.63529	0.75789	95	0.82795	2.00701	0.47716	197	0.68628	1.55612	0.33333	87	0.78477	2.09792	0.44444	54	0.75809	1.65971	0.40476	42	0.93467	2.29954	0.34343	198	0.6676	1.51237	0.30556	36	0.95393	2.19303	0.49189	185	0.98933	2.47289	0.52525	198	0.96161	2.37384	0.65128	195	0.74333	1.81737	0.76963	191
GSM7833109	0.69412	1.82634	0.70918	196	0.82307	1.71708	0.70769	195	0.62332	1.56194	0.11735	196	0.98501	2.21035	0.60101	198	1.10343	2.3657	0.50256	195	0.85605	2.09082	0.57576	198	0.57098	1.40812	0.69474	95	0.94889	2.37551	0.57868	197	0.76876	1.78362	0.65517	87	0.75528	1.9028	0.57407	54	0.6795	1.41278	0.47619	42	0.91981	2.09791	0.5303	198	0.78184	1.79637	0.58333	36	0.74751	1.9402	0.52432	185	0.98375	2.18484	0.31313	198	0.86758	2.28283	0.27179	195	0.74846	1.80732	0.17801	191
GSM7833110	1.23653	3.32905	0.52041	196	0.98265	2.34042	0.26154	195	0.79327	1.97384	0.48469	196	0.8845	2.27322	0.61111	198	1.03088	2.69825	0.44103	195	1.07079	2.73404	0.42424	198	1.16671	3.33576	0.67368	95	1.1015	2.85557	0.42132	197	0.89575	2.17559	0.25287	87	1.09709	2.8802	0.51852	54	0.97427	2.12237	0.47619	42	0.92316	2.27643	0.43434	198	1.42868	2.33049	0.44444	36	1.03872	2.62994	0.54595	185	0.96367	2.5556	0.5303	198	1.02284	2.57016	0.55897	195	0.86736	1.98353	0.48691	191
GSM7833111	0.80502	1.86222	0.29082	196	0.98137	2.25874	0.28205	195	1.02672	2.6915	0.83673	196	1.00912	2.43583	0.20202	198	1.11574	2.77895	0.37436	195	0.90486	2.19587	0.32323	198	0.78616	1.80286	0.28421	95	1.06133	2.78144	0.3198	197	0.83375	2.05943	0.22989	87	1.05176	2.5438	0.27778	54	1.12846	2.23716	0.28571	42	1.16303	2.40615	0.27273	198	0.94071	2.07378	0.13889	36	1.2301	3.1997	0.60541	185	1.14416	2.92859	0.5101	198	1.14954	2.98507	0.56923	195	1.21577	3.18933	0.67016	191
GSM7833112	1.0673	2.60415	0.18367	196	1.26282	2.65957	0.19487	195	0.88919	1.89544	0.57143	196	1.25907	3.26622	0.63636	198	1.37038	2.92354	0.54872	195	1.23302	3.16234	0.39899	198	0.88099	2.25178	0.16842	95	1.36417	3.35749	0.46701	197	1.04777	2.40272	0.24138	87	1.14743	2.69793	0.55556	54	1.15879	2.14463	0.45238	42	1.35713	3.15101	0.44444	198	1.03828	2.50347	0.63889	36	0.85292	2.3308	0.4973	185	1.29003	3.13562	0.63636	198	1.12229	2.6747	0.6359	195	0.89562	1.98654	0.58639	191
GSM7833113	0.69755	1.75933	0.46429	196	0.56743	1.17905	0.3641	195	0.87518	2.26141	0.17857	196	0.70786	1.67725	0.28283	198	0.90804	2.19939	0.37436	195	0.74669	1.92364	0.28283	198	0.79214	2.08235	0.48421	95	0.76345	1.87991	0.39594	197	0.6228	1.41143	0.43678	87	0.97518	2.4285	0.27778	54	0.81107	1.8947	0.42857	42	0.79867	1.78487	0.37374	198	0.68319	1.53722	0.36111	36	0.92462	2.3283	0.75676	185	0.95774	2.67679	0.40909	198	0.88761	2.31392	0.41026	195	0.95578	2.51426	0.25131	191
GSM7833114	0.74948	1.84694	0.90306	196	0.9033	2.3417	0.75385	195	0.74558	1.87316	0.15816	196	0.9508	2.3147	0.52525	198	0.82471	2.03841	0.4359	195	0.95591	2.40816	0.61616	198	0.67784	1.59914	0.92632	95	1.02517	2.59951	0.62437	197	0.91688	2.21057	0.75862	87	0.74496	1.73397	0.55556	54	0.90301	2.28848	0.38095	42	0.92475	2.30307	0.5	198	1.04114	2.41197	0.58333	36	0.84777	2.13285	0.37838	185	0.82892	2.05306	0.35354	198	0.93085	2.40898	0.34872	195	0.88686	2.28287	0.2199	191
GSM7833115	0.76019	1.922	0.43878	196	0.7177	1.70368	0.30256	195	0.77723	2.01567	0.71939	196	0.79453	1.98981	0.29293	198	0.81222	2.21453	0.36923	195	0.74959	1.93156	0.40404	198	0.7768	1.91929	0.56842	95	0.75343	1.99655	0.35025	197	0.80563	2.0094	0.35632	87	0.79298	1.76452	0.37037	54	0.87953	2.26985	0.38095	42	0.87669	2.09926	0.36869	198	0.81355	2.21189	0.22222	36	0.87172	2.21034	0.4973	185	0.90549	2.30794	0.43434	198	0.88601	2.12076	0.57436	195	0.79219	2.03958	0.72775	191
GSM7833116	0.68433	1.53081	0.33163	196	0.83773	1.23701	0.31795	195	0.93852	2.24585	0.32653	196	0.74879	1.66329	0.31313	198	0.95651	2.14238	0.34872	195	0.7883	1.86437	0.35354	198	0.71654	1.5478	0.35789	95	0.77806	1.76771	0.34518	197	0.63297	1.47416	0.29885	87	0.89614	2.04507	0.42593	54	0.77536	1.72443	0.40476	42	0.7556	1.76345	0.29293	198	0.79694	1.45816	0.36111	36	0.93761	2.48737	0.65405	185	0.98358	2.15153	0.33333	198	0.95946	2.53101	0.47179	195	0.88675	2.10932	0.2356	191
