cohort	stratum_type	stratum	n_PRCR	n_PD	signature	auc	ci_lo	ci_hi	p_greater
GSE91061	visit	Pre	10	23	IMPRES g1_low	0.358695652173913	0.18043478260869567	0.5565217391304348	0.906911665672364
GSE91061	visit	On	12	24	IMPRES g1_low	0.171875	0.057291666666666664	0.3090711805555557	0.9993624868279447
GSE91061	visit	Pre+On	22	47	IMPRES g1_low	0.2495164410058027	0.14022001934235975	0.3704061895551257	0.9996492481008524
GSE215868	regimen	IPI+NIVO	18	16	IMPRES g1_low	0.4895833333333333	0.3038194444444444	0.6822916666666666	
GSE215868	regimen	IPI+NIVO	18	16	IPS-MHC+CP	0.5243055555555556	0.3263888888888889	0.7256944444444444	
GSE215868	regimen	NIVO	10	10	IMPRES g1_low	0.485	0.235	0.73	
GSE215868	regimen	NIVO	10	10	IPS-MHC+CP	0.71	0.45	0.92	
GSE215868	regimen	NIVO+EXPERIMENTAL	1	0	IMPRES g1_low				
GSE215868	regimen	NIVO+EXPERIMENTAL	1	0	IPS-MHC+CP				
GSE215868	regimen	PEMBRO	16	8	IMPRES g1_low	0.546875	0.29677734375000003	0.80078125	
GSE215868	regimen	PEMBRO	16	8	IPS-MHC+CP	0.5703125	0.3203125	0.8046875	
